{"event":"proto.client.request_job","at":"2026-09-26T23:24:54.843374546Z","content":{"direction":"client","job_id":null,"len":null,"message":"RequestJob","worker_id":"adbaf9ad-0b23-46d2-b57e-ed4d04ee8e3b"}}
{"event":"proto.client.request_job","at":"2026-09-26T23:24:54.843519857Z","content":{"direction":"client","job_id":null,"len":null,"message":"RequestJob","worker_id":"adbaf9ad-0b23-46d2-b57e-ed4d04ee8e3b"}}
{"event":"proto.client.worker_metrics","at":"2026-09-26T23:24:55.049047001Z","content":{"direction":"client","job_id":null,"len":null,"message":"WorkerMetrics","worker_id":"adbaf9ad-0b23-46d2-b57e-ed4d04ee8e3b"}}
{"event":"evaluation.queued","at":"2026-09-26T23:24:55.217791290Z","content":{"created":true,"description":null,"evaluation_id":"01a0e009-2ff8-72e7-bf75-a15284b621be","evaluation_kind":null,"phase":"queued","project":null,"repository":"https://git.wavelens.io/public/nix-ai.git","status":0,"task":"019e8549-ef3a-7fa3-b225-1476de19f858"}}
{"event":"graph.requeued","at":"2026-09-26T23:24:55.832995066Z","content":{"requeued":0}}
{"event":"proto.server.job_offer","at":"2026-09-26T23:24:58.015690130Z","content":{"direction":"server","job_id":null,"len":151,"message":"JobOffer","worker_id":"adbaf9ad-0b23-46d2-b57e-ed4d04ee8e3b"}}
{"event":"proto.client.request_job_chunk","at":"2026-09-26T23:24:58.054418375Z","content":{"direction":"client","job_id":null,"len":null,"message":"RequestJobChunk","worker_id":"adbaf9ad-0b23-46d2-b57e-ed4d04ee8e3b"}}
{"event":"proto.client.request_job","at":"2026-09-26T23:24:58.054463555Z","content":{"direction":"client","job_id":null,"len":null,"message":"RequestJob","worker_id":"adbaf9ad-0b23-46d2-b57e-ed4d04ee8e3b"}}
{"event":"proto.client.request_job","at":"2026-09-26T23:24:58.054547543Z","content":{"direction":"client","job_id":null,"len":null,"message":"RequestJob","worker_id":"adbaf9ad-0b23-46d2-b57e-ed4d04ee8e3b"}}
{"event":"worker.job_dispatched","at":"2026-09-26T23:24:58.059991278Z","content":{"build_id":null,"evaluation_id":"01a0e009-2ff8-72e7-bf75-a15284b621be","kind":0,"project":"019e8549-eef3-7b92-96a2-f3842f585407","score":2057.7860080612654,"worker_id":"adbaf9ad-0b23-46d2-b57e-ed4d04ee8e3b"}}
{"event":"proto.server.credential","at":"2026-09-26T23:24:58.096693921Z","content":{"direction":"server","job_id":null,"len":497,"message":"Credential","worker_id":"adbaf9ad-0b23-46d2-b57e-ed4d04ee8e3b"}}
{"event":"proto.server.assign_job","at":"2026-09-26T23:24:58.096731743Z","content":{"direction":"server","job_id":"eval:01a0e009-2ff8-72e7-bf75-a15284b621be","len":286,"message":"AssignJob","worker_id":"adbaf9ad-0b23-46d2-b57e-ed4d04ee8e3b"}}
{"event":"proto.client.assign_job_response","at":"2026-09-26T23:24:58.134330097Z","content":{"direction":"client","job_id":"eval:01a0e009-2ff8-72e7-bf75-a15284b621be","len":null,"message":"AssignJobResponse","worker_id":"adbaf9ad-0b23-46d2-b57e-ed4d04ee8e3b"}}
{"event":"proto.client.job_update","at":"2026-09-26T23:24:58.134406779Z","content":{"direction":"client","job_id":"eval:01a0e009-2ff8-72e7-bf75-a15284b621be","len":null,"message":"JobUpdate","worker_id":"adbaf9ad-0b23-46d2-b57e-ed4d04ee8e3b"}}
{"event":"evaluation.started","at":"2026-09-26T23:24:58.141422840Z","content":{"created":false,"description":null,"evaluation_id":"01a0e009-2ff8-72e7-bf75-a15284b621be","evaluation_kind":null,"phase":"started","project":null,"repository":null,"status":8,"task":"019e8549-ef3a-7fa3-b225-1476de19f858"}}
{"event":"proto.client.cache_query","at":"2026-09-26T23:24:58.773590422Z","content":{"direction":"client","job_id":"eval:01a0e009-2ff8-72e7-bf75-a15284b621be","len":null,"message":"CacheQuery","worker_id":"adbaf9ad-0b23-46d2-b57e-ed4d04ee8e3b"}}
{"event":"proto.server.cache_status","at":"2026-09-26T23:24:58.779561267Z","content":{"direction":"server","job_id":null,"len":1112,"message":"CacheStatus","worker_id":"adbaf9ad-0b23-46d2-b57e-ed4d04ee8e3b"}}
{"event":"proto.client.job_update","at":"2026-09-26T23:24:58.816661108Z","content":{"direction":"client","job_id":"eval:01a0e009-2ff8-72e7-bf75-a15284b621be","len":null,"message":"JobUpdate","worker_id":"adbaf9ad-0b23-46d2-b57e-ed4d04ee8e3b"}}
{"event":"proto.client.job_update","at":"2026-09-26T23:24:58.816692250Z","content":{"direction":"client","job_id":"eval:01a0e009-2ff8-72e7-bf75-a15284b621be","len":null,"message":"JobUpdate","worker_id":"adbaf9ad-0b23-46d2-b57e-ed4d04ee8e3b"}}
{"event":"evaluation.started","at":"2026-09-26T23:24:58.831480501Z","content":{"created":false,"description":null,"evaluation_id":"01a0e009-2ff8-72e7-bf75-a15284b621be","evaluation_kind":null,"phase":"started","project":null,"repository":null,"status":1,"task":"019e8549-ef3a-7fa3-b225-1476de19f858"}}
{"event":"proto.client.eval_cache_pull","at":"2026-09-26T23:24:58.839511983Z","content":{"direction":"client","job_id":"eval:01a0e009-2ff8-72e7-bf75-a15284b621be","len":null,"message":"EvalCachePull","worker_id":"adbaf9ad-0b23-46d2-b57e-ed4d04ee8e3b"}}
{"event":"proto.server.eval_cache_pull_result","at":"2026-09-26T23:24:58.841007016Z","content":{"direction":"server","job_id":"eval:01a0e009-2ff8-72e7-bf75-a15284b621be","len":194,"message":"EvalCachePullResult","worker_id":"adbaf9ad-0b23-46d2-b57e-ed4d04ee8e3b"}}
{"event":"proto.server.eval_cache_chunk","at":"2026-09-26T23:24:58.842330376Z","content":{"direction":"server","job_id":"eval:01a0e009-2ff8-72e7-bf75-a15284b621be","len":12415,"message":"EvalCacheChunk","worker_id":"adbaf9ad-0b23-46d2-b57e-ed4d04ee8e3b"}}
{"event":"proto.client.job_update","at":"2026-09-26T23:24:58.916664680Z","content":{"direction":"client","job_id":"eval:01a0e009-2ff8-72e7-bf75-a15284b621be","len":null,"message":"JobUpdate","worker_id":"adbaf9ad-0b23-46d2-b57e-ed4d04ee8e3b"}}
{"event":"proto.client.query_known_derivations","at":"2026-09-26T23:24:58.919805054Z","content":{"direction":"client","job_id":"eval:01a0e009-2ff8-72e7-bf75-a15284b621be","len":null,"message":"QueryKnownDerivations","worker_id":"adbaf9ad-0b23-46d2-b57e-ed4d04ee8e3b"}}
{"event":"evaluation.started","at":"2026-09-26T23:24:58.920735987Z","content":{"created":false,"description":null,"evaluation_id":"01a0e009-2ff8-72e7-bf75-a15284b621be","evaluation_kind":null,"phase":"started","project":null,"repository":null,"status":2,"task":"019e8549-ef3a-7fa3-b225-1476de19f858"}}
{"event":"proto.server.known_derivations","at":"2026-09-26T23:24:58.925288896Z","content":{"direction":"server","job_id":null,"len":1148,"message":"KnownDerivations","worker_id":"adbaf9ad-0b23-46d2-b57e-ed4d04ee8e3b"}}
{"event":"proto.client.cache_query","at":"2026-09-26T23:25:00.485456907Z","content":{"direction":"client","job_id":"eval:01a0e009-2ff8-72e7-bf75-a15284b621be","len":null,"message":"CacheQuery","worker_id":"adbaf9ad-0b23-46d2-b57e-ed4d04ee8e3b"}}
{"event":"proto.client.cache_query","at":"2026-09-26T23:25:00.486224736Z","content":{"direction":"client","job_id":"eval:01a0e009-2ff8-72e7-bf75-a15284b621be","len":null,"message":"CacheQuery","worker_id":"adbaf9ad-0b23-46d2-b57e-ed4d04ee8e3b"}}
{"event":"proto.client.cache_query","at":"2026-09-26T23:25:00.522535498Z","content":{"direction":"client","job_id":"eval:01a0e009-2ff8-72e7-bf75-a15284b621be","len":null,"message":"CacheQuery","worker_id":"adbaf9ad-0b23-46d2-b57e-ed4d04ee8e3b"}}
{"event":"proto.client.cache_query","at":"2026-09-26T23:25:00.522812911Z","content":{"direction":"client","job_id":"eval:01a0e009-2ff8-72e7-bf75-a15284b621be","len":null,"message":"CacheQuery","worker_id":"adbaf9ad-0b23-46d2-b57e-ed4d04ee8e3b"}}
{"event":"proto.server.cache_status","at":"2026-09-26T23:25:00.594696790Z","content":{"direction":"server","job_id":null,"len":183481,"message":"CacheStatus","worker_id":"adbaf9ad-0b23-46d2-b57e-ed4d04ee8e3b"}}
{"event":"proto.server.cache_status","at":"2026-09-26T23:25:00.596676483Z","content":{"direction":"server","job_id":null,"len":183566,"message":"CacheStatus","worker_id":"adbaf9ad-0b23-46d2-b57e-ed4d04ee8e3b"}}
{"event":"proto.server.cache_status","at":"2026-09-26T23:25:00.598188965Z","content":{"direction":"server","job_id":null,"len":183852,"message":"CacheStatus","worker_id":"adbaf9ad-0b23-46d2-b57e-ed4d04ee8e3b"}}
{"event":"proto.server.cache_status","at":"2026-09-26T23:25:00.598252734Z","content":{"direction":"server","job_id":null,"len":183074,"message":"CacheStatus","worker_id":"adbaf9ad-0b23-46d2-b57e-ed4d04ee8e3b"}}
{"event":"proto.client.cache_query","at":"2026-09-26T23:25:00.826325414Z","content":{"direction":"client","job_id":"eval:01a0e009-2ff8-72e7-bf75-a15284b621be","len":null,"message":"CacheQuery","worker_id":"adbaf9ad-0b23-46d2-b57e-ed4d04ee8e3b"}}
{"event":"proto.client.cache_query","at":"2026-09-26T23:25:00.827233234Z","content":{"direction":"client","job_id":"eval:01a0e009-2ff8-72e7-bf75-a15284b621be","len":null,"message":"CacheQuery","worker_id":"adbaf9ad-0b23-46d2-b57e-ed4d04ee8e3b"}}
{"event":"graph.requeued","at":"2026-09-26T23:25:00.838444450Z","content":{"requeued":0}}
{"event":"proto.client.cache_query","at":"2026-09-26T23:25:00.862563140Z","content":{"direction":"client","job_id":"eval:01a0e009-2ff8-72e7-bf75-a15284b621be","len":null,"message":"CacheQuery","worker_id":"adbaf9ad-0b23-46d2-b57e-ed4d04ee8e3b"}}
{"event":"proto.client.cache_query","at":"2026-09-26T23:25:00.862869270Z","content":{"direction":"client","job_id":"eval:01a0e009-2ff8-72e7-bf75-a15284b621be","len":null,"message":"CacheQuery","worker_id":"adbaf9ad-0b23-46d2-b57e-ed4d04ee8e3b"}}
{"event":"proto.server.cache_status","at":"2026-09-26T23:25:00.889021069Z","content":{"direction":"server","job_id":null,"len":182953,"message":"CacheStatus","worker_id":"adbaf9ad-0b23-46d2-b57e-ed4d04ee8e3b"}}
{"event":"proto.server.cache_status","at":"2026-09-26T23:25:00.891949330Z","content":{"direction":"server","job_id":null,"len":183587,"message":"CacheStatus","worker_id":"adbaf9ad-0b23-46d2-b57e-ed4d04ee8e3b"}}
{"event":"proto.server.cache_status","at":"2026-09-26T23:25:00.909986258Z","content":{"direction":"server","job_id":null,"len":122220,"message":"CacheStatus","worker_id":"adbaf9ad-0b23-46d2-b57e-ed4d04ee8e3b"}}
{"event":"proto.server.cache_status","at":"2026-09-26T23:25:00.915675378Z","content":{"direction":"server","job_id":null,"len":183306,"message":"CacheStatus","worker_id":"adbaf9ad-0b23-46d2-b57e-ed4d04ee8e3b"}}
{"event":"proto.client.job_update","at":"2026-09-26T23:25:00.958032737Z","content":{"direction":"client","job_id":"eval:01a0e009-2ff8-72e7-bf75-a15284b621be","len":null,"message":"JobUpdate","worker_id":"adbaf9ad-0b23-46d2-b57e-ed4d04ee8e3b"}}
{"event":"proto.client.job_update","at":"2026-09-26T23:25:00.958071749Z","content":{"direction":"client","job_id":"eval:01a0e009-2ff8-72e7-bf75-a15284b621be","len":null,"message":"JobUpdate","worker_id":"adbaf9ad-0b23-46d2-b57e-ed4d04ee8e3b"}}
{"event":"proto.client.eval_cache_push","at":"2026-09-26T23:25:00.958146739Z","content":{"direction":"client","job_id":"eval:01a0e009-2ff8-72e7-bf75-a15284b621be","len":null,"message":"EvalCachePush","worker_id":"adbaf9ad-0b23-46d2-b57e-ed4d04ee8e3b"}}
{"event":"proto.server.eval_cache_push_grant","at":"2026-09-26T23:25:00.959203757Z","content":{"direction":"server","job_id":"eval:01a0e009-2ff8-72e7-bf75-a15284b621be","len":127,"message":"EvalCachePushGrant","worker_id":"adbaf9ad-0b23-46d2-b57e-ed4d04ee8e3b"}}
{"event":"proto.client.request_job","at":"2026-09-26T23:25:00.996319049Z","content":{"direction":"client","job_id":null,"len":null,"message":"RequestJob","worker_id":"adbaf9ad-0b23-46d2-b57e-ed4d04ee8e3b"}}
{"event":"proto.client.job_completed","at":"2026-09-26T23:25:00.996462255Z","content":{"direction":"client","job_id":"eval:01a0e009-2ff8-72e7-bf75-a15284b621be","len":null,"message":"JobCompleted","worker_id":"adbaf9ad-0b23-46d2-b57e-ed4d04ee8e3b"}}
{"event":"build.failed","at":"2026-09-26T23:25:01.007578039Z","content":{"build_id":"01a0e009-4caa-70ac-91ed-72e6d650c033","derivation":"01a0de7e-fdd7-75c6-be90-eb4835dcc2d5","derivation_path":null,"evaluation_id":"01a0e009-2ff8-72e7-bf75-a15284b621be","evaluation_kind":null,"project":null,"status":6,"task":null}}
{"event":"evaluation.progress","at":"2026-09-26T23:25:01.008007495Z","content":{"evaluation_id":"01a0e009-2ff8-72e7-bf75-a15284b621be","task":"019e8549-ef3a-7fa3-b225-1476de19f858"}}
{"event":"graph.ingested","at":"2026-09-26T23:25:01.008036645Z","content":{"entry_points":1,"evaluation_id":"01a0e009-2ff8-72e7-bf75-a15284b621be","skipped":false,"task":"019e8549-ef3a-7fa3-b225-1476de19f858","walked":0}}
{"event":"build.status_changed","at":"2026-09-26T23:25:01.186145493Z","content":{"build_id":"01a0e009-4caa-70ac-91ed-72e6d650c033","evaluation_id":"01a0e009-2ff8-72e7-bf75-a15284b621be","status":0}}
{"event":"build.status_changed","at":"2026-09-26T23:25:01.186163567Z","content":{"build_id":"01a0de7e-feb6-71ac-8172-6acbbbbc0f44","evaluation_id":"01a0de69-946c-7111-baae-c4bcaa5488a2","status":0}}
{"event":"build.status_changed","at":"2026-09-26T23:25:01.186164437Z","content":{"build_id":"01a0dea8-0c1d-770f-84b5-1b1b6dcc63fc","evaluation_id":"01a0dea3-cd78-7651-a461-65eb0c9b1438","status":0}}
{"event":"build.status_changed","at":"2026-09-26T23:25:01.186165071Z","content":{"build_id":"01a0ded4-8f94-7475-9f49-fdfb294494e4","evaluation_id":"01a0ded2-0743-75a2-a036-cdcb0bfb1c54","status":0}}
{"event":"build.status_changed","at":"2026-09-26T23:25:01.186165961Z","content":{"build_id":"01a0e009-4caa-70ac-91ed-72ef1156a63e","evaluation_id":"01a0e009-2ff8-72e7-bf75-a15284b621be","status":0}}
{"event":"build.status_changed","at":"2026-09-26T23:25:01.186166631Z","content":{"build_id":"01a0de7e-feb6-71ac-8172-6c304f70a720","evaluation_id":"01a0de69-946c-7111-baae-c4bcaa5488a2","status":0}}
{"event":"build.status_changed","at":"2026-09-26T23:25:01.186167599Z","content":{"build_id":"01a0dea8-0c1d-770f-84b5-1b1d7260eef7","evaluation_id":"01a0dea3-cd78-7651-a461-65eb0c9b1438","status":0}}
{"event":"build.status_changed","at":"2026-09-26T23:25:01.186168395Z","content":{"build_id":"01a0ded4-8f94-7475-9f49-fdf22d05282a","evaluation_id":"01a0ded2-0743-75a2-a036-cdcb0bfb1c54","status":0}}
{"event":"build.status_changed","at":"2026-09-26T23:25:01.186169256Z","content":{"build_id":"01a0de7e-feb6-71ac-8172-6ac9bfa7f0a0","evaluation_id":"01a0de69-946c-7111-baae-c4bcaa5488a2","status":0}}
{"event":"build.status_changed","at":"2026-09-26T23:25:01.186169491Z","content":{"build_id":"01a0dea8-214d-7ac0-b301-f40438b70dba","evaluation_id":"01a0dea3-cd78-7651-a461-65eb0c9b1438","status":0}}
{"event":"build.status_changed","at":"2026-09-26T23:25:01.186169701Z","content":{"build_id":"01a0ded4-9cd1-7d68-9c5a-fb4f6bf5c928","evaluation_id":"01a0ded2-0743-75a2-a036-cdcb0bfb1c54","status":0}}
{"event":"build.status_changed","at":"2026-09-26T23:25:01.186170046Z","content":{"build_id":"01a0de7e-feb6-71ac-8172-6c11a400be59","evaluation_id":"01a0de69-946c-7111-baae-c4bcaa5488a2","status":0}}
{"event":"build.status_changed","at":"2026-09-26T23:25:01.186171001Z","content":{"build_id":"01a0dea8-214e-7131-91a6-405b1929c2f6","evaluation_id":"01a0dea3-cd78-7651-a461-65eb0c9b1438","status":0}}
{"event":"build.status_changed","at":"2026-09-26T23:25:01.186171679Z","content":{"build_id":"01a0ded4-9cd2-7c09-b70d-9226ada3eb46","evaluation_id":"01a0ded2-0743-75a2-a036-cdcb0bfb1c54","status":0}}
{"event":"build.status_changed","at":"2026-09-26T23:25:01.186172559Z","content":{"build_id":"01a0de7e-feb6-71ac-8172-6ad92e6ab610","evaluation_id":"01a0de69-946c-7111-baae-c4bcaa5488a2","status":0}}
{"event":"build.status_changed","at":"2026-09-26T23:25:01.186173452Z","content":{"build_id":"01a0dea8-214e-781e-aa1b-b5e92b785352","evaluation_id":"01a0dea3-cd78-7651-a461-65eb0c9b1438","status":0}}
{"event":"build.status_changed","at":"2026-09-26T23:25:01.186173872Z","content":{"build_id":"01a0ded4-9cd3-78a8-ac89-76528c431eae","evaluation_id":"01a0ded2-0743-75a2-a036-cdcb0bfb1c54","status":0}}
{"event":"build.status_changed","at":"2026-09-26T23:25:01.210411969Z","content":{"build_id":"01a0de7e-feb6-71ac-8172-6c11a400be59","evaluation_id":"01a0de69-946c-7111-baae-c4bcaa5488a2","status":1}}
{"event":"build.status_changed","at":"2026-09-26T23:25:01.210427416Z","content":{"build_id":"01a0dea8-214e-7131-91a6-405b1929c2f6","evaluation_id":"01a0dea3-cd78-7651-a461-65eb0c9b1438","status":1}}
{"event":"build.status_changed","at":"2026-09-26T23:25:01.210427811Z","content":{"build_id":"01a0ded4-9cd2-7c09-b70d-9226ada3eb46","evaluation_id":"01a0ded2-0743-75a2-a036-cdcb0bfb1c54","status":1}}
{"event":"evaluation.building","at":"2026-09-26T23:25:01.508300051Z","content":{"created":false,"description":null,"evaluation_id":"01a0e009-2ff8-72e7-bf75-a15284b621be","evaluation_kind":null,"phase":"building","project":null,"repository":null,"status":3,"task":"019e8549-ef3a-7fa3-b225-1476de19f858"}}
{"event":"graph.transitioned","at":"2026-09-26T23:25:01.511368736Z","content":{"aborted":0,"prioritized":0}}
{"event":"graph.requeued","at":"2026-09-26T23:25:01.512478862Z","content":{"requeued":0}}
{"event":"proto.server.job_offer","at":"2026-09-26T23:25:01.533206654Z","content":{"direction":"server","job_id":null,"len":5323,"message":"JobOffer","worker_id":"adbaf9ad-0b23-46d2-b57e-ed4d04ee8e3b"}}
{"event":"graph.transitioned","at":"2026-09-26T23:25:01.534121642Z","content":{"aborted":0,"prioritized":0}}
{"event":"proto.client.request_job_chunk","at":"2026-09-26T23:25:01.576646457Z","content":{"direction":"client","job_id":null,"len":null,"message":"RequestJobChunk","worker_id":"adbaf9ad-0b23-46d2-b57e-ed4d04ee8e3b"}}
{"event":"proto.client.request_job","at":"2026-09-26T23:25:01.576706843Z","content":{"direction":"client","job_id":null,"len":null,"message":"RequestJob","worker_id":"adbaf9ad-0b23-46d2-b57e-ed4d04ee8e3b"}}
{"event":"graph.transitioned","at":"2026-09-26T23:25:01.593771876Z","content":{"aborted":0,"prioritized":0}}
{"event":"worker.job_dispatched","at":"2026-09-26T23:25:01.593781159Z","content":{"build_id":"01a0de7e-fe93-760a-9c19-09670caf8bbf","evaluation_id":"01a0e009-2ff8-72e7-bf75-a15284b621be","kind":1,"project":"019e8549-eef3-7b92-96a2-f3842f585407","score":88.02968380296838,"worker_id":"adbaf9ad-0b23-46d2-b57e-ed4d04ee8e3b"}}
{"event":"proto.server.assign_job","at":"2026-09-26T23:25:01.593926043Z","content":{"direction":"server","job_id":"build:01a0de7e-fe93-760a-9c19-09670caf8bbf","len":501,"message":"AssignJob","worker_id":"adbaf9ad-0b23-46d2-b57e-ed4d04ee8e3b"}}
{"event":"proto.client.request_job","at":"2026-09-26T23:25:01.594062226Z","content":{"direction":"client","job_id":null,"len":null,"message":"RequestJob","worker_id":"adbaf9ad-0b23-46d2-b57e-ed4d04ee8e3b"}}
{"event":"proto.client.assign_job_response","at":"2026-09-26T23:25:01.631705537Z","content":{"direction":"client","job_id":"build:01a0de7e-fe93-760a-9c19-09670caf8bbf","len":null,"message":"AssignJobResponse","worker_id":"adbaf9ad-0b23-46d2-b57e-ed4d04ee8e3b"}}
{"event":"proto.client.request_job","at":"2026-09-26T23:25:01.631773744Z","content":{"direction":"client","job_id":null,"len":null,"message":"RequestJob","worker_id":"adbaf9ad-0b23-46d2-b57e-ed4d04ee8e3b"}}
{"event":"proto.client.job_update","at":"2026-09-26T23:25:01.631859683Z","content":{"direction":"client","job_id":"build:01a0de7e-fe93-760a-9c19-09670caf8bbf","len":null,"message":"JobUpdate","worker_id":"adbaf9ad-0b23-46d2-b57e-ed4d04ee8e3b"}}
{"event":"build.status_changed","at":"2026-09-26T23:25:01.637780076Z","content":{"build_id":"01a0e009-4eb9-72bf-b03a-4c08c3e6cd9c","evaluation_id":"01a0e009-2ff8-72e7-bf75-a15284b621be","status":2}}
{"event":"build.status_changed","at":"2026-09-26T23:25:01.637794206Z","content":{"build_id":"01a0de7e-feb6-71ac-8172-6c11a400be59","evaluation_id":"01a0de69-946c-7111-baae-c4bcaa5488a2","status":2}}
{"event":"build.status_changed","at":"2026-09-26T23:25:01.637795077Z","content":{"build_id":"01a0dea8-214e-7131-91a6-405b1929c2f6","evaluation_id":"01a0dea3-cd78-7651-a461-65eb0c9b1438","status":2}}
{"event":"build.status_changed","at":"2026-09-26T23:25:01.637795778Z","content":{"build_id":"01a0ded4-9cd2-7c09-b70d-9226ada3eb46","evaluation_id":"01a0ded2-0743-75a2-a036-cdcb0bfb1c54","status":2}}
{"event":"graph.transitioned","at":"2026-09-26T23:25:01.647375558Z","content":{"aborted":0,"prioritized":0}}
{"event":"graph.requeued","at":"2026-09-26T23:25:01.648182681Z","content":{"requeued":0}}
{"event":"proto.client.log_chunk","at":"2026-09-26T23:25:01.860596192Z","content":{"direction":"client","job_id":"build:01a0de7e-fe93-760a-9c19-09670caf8bbf","len":186,"message":"LogChunk","worker_id":"adbaf9ad-0b23-46d2-b57e-ed4d04ee8e3b"}}
{"event":"proto.client.log_chunk","at":"2026-09-26T23:25:01.864459539Z","content":{"direction":"client","job_id":"build:01a0de7e-fe93-760a-9c19-09670caf8bbf","len":188,"message":"LogChunk","worker_id":"adbaf9ad-0b23-46d2-b57e-ed4d04ee8e3b"}}
{"event":"proto.client.log_chunk","at":"2026-09-26T23:25:01.866733721Z","content":{"direction":"client","job_id":"build:01a0de7e-fe93-760a-9c19-09670caf8bbf","len":192,"message":"LogChunk","worker_id":"adbaf9ad-0b23-46d2-b57e-ed4d04ee8e3b"}}
{"event":"proto.client.log_chunk","at":"2026-09-26T23:25:01.868334289Z","content":{"direction":"client","job_id":"build:01a0de7e-fe93-760a-9c19-09670caf8bbf","len":173,"message":"LogChunk","worker_id":"adbaf9ad-0b23-46d2-b57e-ed4d04ee8e3b"}}
{"event":"proto.client.log_chunk","at":"2026-09-26T23:25:01.869945051Z","content":{"direction":"client","job_id":"build:01a0de7e-fe93-760a-9c19-09670caf8bbf","len":169,"message":"LogChunk","worker_id":"adbaf9ad-0b23-46d2-b57e-ed4d04ee8e3b"}}
{"event":"proto.client.log_chunk","at":"2026-09-26T23:25:01.871558538Z","content":{"direction":"client","job_id":"build:01a0de7e-fe93-760a-9c19-09670caf8bbf","len":188,"message":"LogChunk","worker_id":"adbaf9ad-0b23-46d2-b57e-ed4d04ee8e3b"}}
{"event":"proto.client.log_chunk","at":"2026-09-26T23:25:01.872953350Z","content":{"direction":"client","job_id":"build:01a0de7e-fe93-760a-9c19-09670caf8bbf","len":181,"message":"LogChunk","worker_id":"adbaf9ad-0b23-46d2-b57e-ed4d04ee8e3b"}}
{"event":"proto.client.log_chunk","at":"2026-09-26T23:25:01.874688256Z","content":{"direction":"client","job_id":"build:01a0de7e-fe93-760a-9c19-09670caf8bbf","len":175,"message":"LogChunk","worker_id":"adbaf9ad-0b23-46d2-b57e-ed4d04ee8e3b"}}
{"event":"proto.client.log_chunk","at":"2026-09-26T23:25:01.876277086Z","content":{"direction":"client","job_id":"build:01a0de7e-fe93-760a-9c19-09670caf8bbf","len":171,"message":"LogChunk","worker_id":"adbaf9ad-0b23-46d2-b57e-ed4d04ee8e3b"}}
{"event":"proto.client.log_chunk","at":"2026-09-26T23:25:01.877640662Z","content":{"direction":"client","job_id":"build:01a0de7e-fe93-760a-9c19-09670caf8bbf","len":186,"message":"LogChunk","worker_id":"adbaf9ad-0b23-46d2-b57e-ed4d04ee8e3b"}}
{"event":"proto.client.log_chunk","at":"2026-09-26T23:25:01.878981538Z","content":{"direction":"client","job_id":"build:01a0de7e-fe93-760a-9c19-09670caf8bbf","len":178,"message":"LogChunk","worker_id":"adbaf9ad-0b23-46d2-b57e-ed4d04ee8e3b"}}
{"event":"proto.client.log_chunk","at":"2026-09-26T23:25:01.880319082Z","content":{"direction":"client","job_id":"build:01a0de7e-fe93-760a-9c19-09670caf8bbf","len":187,"message":"LogChunk","worker_id":"adbaf9ad-0b23-46d2-b57e-ed4d04ee8e3b"}}
{"event":"proto.client.log_chunk","at":"2026-09-26T23:25:01.881759361Z","content":{"direction":"client","job_id":"build:01a0de7e-fe93-760a-9c19-09670caf8bbf","len":179,"message":"LogChunk","worker_id":"adbaf9ad-0b23-46d2-b57e-ed4d04ee8e3b"}}
{"event":"proto.client.log_chunk","at":"2026-09-26T23:25:01.883275428Z","content":{"direction":"client","job_id":"build:01a0de7e-fe93-760a-9c19-09670caf8bbf","len":180,"message":"LogChunk","worker_id":"adbaf9ad-0b23-46d2-b57e-ed4d04ee8e3b"}}
{"event":"proto.client.log_chunk","at":"2026-09-26T23:25:01.884745209Z","content":{"direction":"client","job_id":"build:01a0de7e-fe93-760a-9c19-09670caf8bbf","len":188,"message":"LogChunk","worker_id":"adbaf9ad-0b23-46d2-b57e-ed4d04ee8e3b"}}
{"event":"proto.client.log_chunk","at":"2026-09-26T23:25:01.886204610Z","content":{"direction":"client","job_id":"build:01a0de7e-fe93-760a-9c19-09670caf8bbf","len":173,"message":"LogChunk","worker_id":"adbaf9ad-0b23-46d2-b57e-ed4d04ee8e3b"}}
{"event":"proto.client.log_chunk","at":"2026-09-26T23:25:01.887825340Z","content":{"direction":"client","job_id":"build:01a0de7e-fe93-760a-9c19-09670caf8bbf","len":175,"message":"LogChunk","worker_id":"adbaf9ad-0b23-46d2-b57e-ed4d04ee8e3b"}}
{"event":"proto.client.log_chunk","at":"2026-09-26T23:25:01.889180793Z","content":{"direction":"client","job_id":"build:01a0de7e-fe93-760a-9c19-09670caf8bbf","len":171,"message":"LogChunk","worker_id":"adbaf9ad-0b23-46d2-b57e-ed4d04ee8e3b"}}
{"event":"proto.client.log_chunk","at":"2026-09-26T23:25:01.935743664Z","content":{"direction":"client","job_id":"build:01a0de7e-fe93-760a-9c19-09670caf8bbf","len":229,"message":"LogChunk","worker_id":"adbaf9ad-0b23-46d2-b57e-ed4d04ee8e3b"}}
{"event":"proto.client.log_chunk","at":"2026-09-26T23:25:01.938057492Z","content":{"direction":"client","job_id":"build:01a0de7e-fe93-760a-9c19-09670caf8bbf","len":214,"message":"LogChunk","worker_id":"adbaf9ad-0b23-46d2-b57e-ed4d04ee8e3b"}}
{"event":"proto.client.log_chunk","at":"2026-09-26T23:25:01.939522465Z","content":{"direction":"client","job_id":"build:01a0de7e-fe93-760a-9c19-09670caf8bbf","len":174,"message":"LogChunk","worker_id":"adbaf9ad-0b23-46d2-b57e-ed4d04ee8e3b"}}
{"event":"proto.client.log_chunk","at":"2026-09-26T23:25:02.018033566Z","content":{"direction":"client","job_id":"build:01a0de7e-fe93-760a-9c19-09670caf8bbf","len":202,"message":"LogChunk","worker_id":"adbaf9ad-0b23-46d2-b57e-ed4d04ee8e3b"}}
{"event":"proto.client.log_chunk","at":"2026-09-26T23:25:02.023270648Z","content":{"direction":"client","job_id":"build:01a0de7e-fe93-760a-9c19-09670caf8bbf","len":235,"message":"LogChunk","worker_id":"adbaf9ad-0b23-46d2-b57e-ed4d04ee8e3b"}}
{"event":"proto.client.log_chunk","at":"2026-09-26T23:25:02.026927679Z","content":{"direction":"client","job_id":"build:01a0de7e-fe93-760a-9c19-09670caf8bbf","len":175,"message":"LogChunk","worker_id":"adbaf9ad-0b23-46d2-b57e-ed4d04ee8e3b"}}
{"event":"proto.client.log_chunk","at":"2026-09-26T23:25:02.034297400Z","content":{"direction":"client","job_id":"build:01a0de7e-fe93-760a-9c19-09670caf8bbf","len":224,"message":"LogChunk","worker_id":"adbaf9ad-0b23-46d2-b57e-ed4d04ee8e3b"}}
{"event":"proto.client.log_chunk","at":"2026-09-26T23:25:02.183368827Z","content":{"direction":"client","job_id":"build:01a0de7e-fe93-760a-9c19-09670caf8bbf","len":170,"message":"LogChunk","worker_id":"adbaf9ad-0b23-46d2-b57e-ed4d04ee8e3b"}}
{"event":"proto.client.log_chunk","at":"2026-09-26T23:25:02.257379978Z","content":{"direction":"client","job_id":"build:01a0de7e-fe93-760a-9c19-09670caf8bbf","len":226,"message":"LogChunk","worker_id":"adbaf9ad-0b23-46d2-b57e-ed4d04ee8e3b"}}
{"event":"proto.client.log_chunk","at":"2026-09-26T23:25:02.268061851Z","content":{"direction":"client","job_id":"build:01a0de7e-fe93-760a-9c19-09670caf8bbf","len":174,"message":"LogChunk","worker_id":"adbaf9ad-0b23-46d2-b57e-ed4d04ee8e3b"}}
{"event":"proto.client.log_chunk","at":"2026-09-26T23:25:02.279423701Z","content":{"direction":"client","job_id":"build:01a0de7e-fe93-760a-9c19-09670caf8bbf","len":200,"message":"LogChunk","worker_id":"adbaf9ad-0b23-46d2-b57e-ed4d04ee8e3b"}}
{"event":"proto.client.log_chunk","at":"2026-09-26T23:25:02.303085052Z","content":{"direction":"client","job_id":"build:01a0de7e-fe93-760a-9c19-09670caf8bbf","len":178,"message":"LogChunk","worker_id":"adbaf9ad-0b23-46d2-b57e-ed4d04ee8e3b"}}
{"event":"proto.client.log_chunk","at":"2026-09-26T23:25:02.310575285Z","content":{"direction":"client","job_id":"build:01a0de7e-fe93-760a-9c19-09670caf8bbf","len":184,"message":"LogChunk","worker_id":"adbaf9ad-0b23-46d2-b57e-ed4d04ee8e3b"}}
{"event":"proto.client.log_chunk","at":"2026-09-26T23:25:02.342432153Z","content":{"direction":"client","job_id":"build:01a0de7e-fe93-760a-9c19-09670caf8bbf","len":183,"message":"LogChunk","worker_id":"adbaf9ad-0b23-46d2-b57e-ed4d04ee8e3b"}}
{"event":"proto.client.log_chunk","at":"2026-09-26T23:25:02.346458940Z","content":{"direction":"client","job_id":"build:01a0de7e-fe93-760a-9c19-09670caf8bbf","len":174,"message":"LogChunk","worker_id":"adbaf9ad-0b23-46d2-b57e-ed4d04ee8e3b"}}
{"event":"proto.client.log_chunk","at":"2026-09-26T23:25:02.352057294Z","content":{"direction":"client","job_id":"build:01a0de7e-fe93-760a-9c19-09670caf8bbf","len":173,"message":"LogChunk","worker_id":"adbaf9ad-0b23-46d2-b57e-ed4d04ee8e3b"}}
{"event":"proto.client.log_chunk","at":"2026-09-26T23:25:02.354137847Z","content":{"direction":"client","job_id":"build:01a0de7e-fe93-760a-9c19-09670caf8bbf","len":168,"message":"LogChunk","worker_id":"adbaf9ad-0b23-46d2-b57e-ed4d04ee8e3b"}}
{"event":"proto.client.log_chunk","at":"2026-09-26T23:25:02.355623608Z","content":{"direction":"client","job_id":"build:01a0de7e-fe93-760a-9c19-09670caf8bbf","len":204,"message":"LogChunk","worker_id":"adbaf9ad-0b23-46d2-b57e-ed4d04ee8e3b"}}
{"event":"proto.client.log_chunk","at":"2026-09-26T23:25:02.529740925Z","content":{"direction":"client","job_id":"build:01a0de7e-fe93-760a-9c19-09670caf8bbf","len":198,"message":"LogChunk","worker_id":"adbaf9ad-0b23-46d2-b57e-ed4d04ee8e3b"}}
{"event":"worker.queue_depth","at":"2026-09-26T23:25:02.999017131Z","content":{"active":1,"pending":0,"workers":1}}
{"event":"proto.client.log_chunk","at":"2026-09-26T23:25:04.228360766Z","content":{"direction":"client","job_id":"build:01a0de7e-fe93-760a-9c19-09670caf8bbf","len":323,"message":"LogChunk","worker_id":"adbaf9ad-0b23-46d2-b57e-ed4d04ee8e3b"}}
{"event":"proto.client.log_chunk","at":"2026-09-26T23:25:04.232760652Z","content":{"direction":"client","job_id":"build:01a0de7e-fe93-760a-9c19-09670caf8bbf","len":321,"message":"LogChunk","worker_id":"adbaf9ad-0b23-46d2-b57e-ed4d04ee8e3b"}}
{"event":"proto.client.log_chunk","at":"2026-09-26T23:25:04.234867985Z","content":{"direction":"client","job_id":"build:01a0de7e-fe93-760a-9c19-09670caf8bbf","len":168,"message":"LogChunk","worker_id":"adbaf9ad-0b23-46d2-b57e-ed4d04ee8e3b"}}
{"event":"proto.client.log_chunk","at":"2026-09-26T23:25:04.236751758Z","content":{"direction":"client","job_id":"build:01a0de7e-fe93-760a-9c19-09670caf8bbf","len":165,"message":"LogChunk","worker_id":"adbaf9ad-0b23-46d2-b57e-ed4d04ee8e3b"}}
{"event":"proto.client.log_chunk","at":"2026-09-26T23:25:04.238664135Z","content":{"direction":"client","job_id":"build:01a0de7e-fe93-760a-9c19-09670caf8bbf","len":165,"message":"LogChunk","worker_id":"adbaf9ad-0b23-46d2-b57e-ed4d04ee8e3b"}}
{"event":"proto.client.log_chunk","at":"2026-09-26T23:25:04.240317614Z","content":{"direction":"client","job_id":"build:01a0de7e-fe93-760a-9c19-09670caf8bbf","len":175,"message":"LogChunk","worker_id":"adbaf9ad-0b23-46d2-b57e-ed4d04ee8e3b"}}
{"event":"proto.client.log_chunk","at":"2026-09-26T23:25:04.269719159Z","content":{"direction":"client","job_id":"build:01a0de7e-fe93-760a-9c19-09670caf8bbf","len":340,"message":"LogChunk","worker_id":"adbaf9ad-0b23-46d2-b57e-ed4d04ee8e3b"}}
{"event":"proto.client.log_chunk","at":"2026-09-26T23:25:04.271736334Z","content":{"direction":"client","job_id":"build:01a0de7e-fe93-760a-9c19-09670caf8bbf","len":151,"message":"LogChunk","worker_id":"adbaf9ad-0b23-46d2-b57e-ed4d04ee8e3b"}}
{"event":"proto.client.log_chunk","at":"2026-09-26T23:25:04.273354157Z","content":{"direction":"client","job_id":"build:01a0de7e-fe93-760a-9c19-09670caf8bbf","len":237,"message":"LogChunk","worker_id":"adbaf9ad-0b23-46d2-b57e-ed4d04ee8e3b"}}
{"event":"proto.client.log_chunk","at":"2026-09-26T23:25:04.275093629Z","content":{"direction":"client","job_id":"build:01a0de7e-fe93-760a-9c19-09670caf8bbf","len":246,"message":"LogChunk","worker_id":"adbaf9ad-0b23-46d2-b57e-ed4d04ee8e3b"}}
{"event":"proto.client.log_chunk","at":"2026-09-26T23:25:04.276975414Z","content":{"direction":"client","job_id":"build:01a0de7e-fe93-760a-9c19-09670caf8bbf","len":195,"message":"LogChunk","worker_id":"adbaf9ad-0b23-46d2-b57e-ed4d04ee8e3b"}}
{"event":"proto.client.log_chunk","at":"2026-09-26T23:25:04.278826511Z","content":{"direction":"client","job_id":"build:01a0de7e-fe93-760a-9c19-09670caf8bbf","len":251,"message":"LogChunk","worker_id":"adbaf9ad-0b23-46d2-b57e-ed4d04ee8e3b"}}
{"event":"proto.client.log_chunk","at":"2026-09-26T23:25:04.280610030Z","content":{"direction":"client","job_id":"build:01a0de7e-fe93-760a-9c19-09670caf8bbf","len":237,"message":"LogChunk","worker_id":"adbaf9ad-0b23-46d2-b57e-ed4d04ee8e3b"}}
{"event":"proto.client.log_chunk","at":"2026-09-26T23:25:04.282313432Z","content":{"direction":"client","job_id":"build:01a0de7e-fe93-760a-9c19-09670caf8bbf","len":151,"message":"LogChunk","worker_id":"adbaf9ad-0b23-46d2-b57e-ed4d04ee8e3b"}}
{"event":"proto.client.log_chunk","at":"2026-09-26T23:25:04.283826746Z","content":{"direction":"client","job_id":"build:01a0de7e-fe93-760a-9c19-09670caf8bbf","len":186,"message":"LogChunk","worker_id":"adbaf9ad-0b23-46d2-b57e-ed4d04ee8e3b"}}
{"event":"proto.client.log_chunk","at":"2026-09-26T23:25:04.285613701Z","content":{"direction":"client","job_id":"build:01a0de7e-fe93-760a-9c19-09670caf8bbf","len":165,"message":"LogChunk","worker_id":"adbaf9ad-0b23-46d2-b57e-ed4d04ee8e3b"}}
{"event":"proto.client.log_chunk","at":"2026-09-26T23:25:04.288469777Z","content":{"direction":"client","job_id":"build:01a0de7e-fe93-760a-9c19-09670caf8bbf","len":181,"message":"LogChunk","worker_id":"adbaf9ad-0b23-46d2-b57e-ed4d04ee8e3b"}}
{"event":"proto.client.log_chunk","at":"2026-09-26T23:25:04.290069367Z","content":{"direction":"client","job_id":"build:01a0de7e-fe93-760a-9c19-09670caf8bbf","len":189,"message":"LogChunk","worker_id":"adbaf9ad-0b23-46d2-b57e-ed4d04ee8e3b"}}
{"event":"proto.client.log_chunk","at":"2026-09-26T23:25:04.291852395Z","content":{"direction":"client","job_id":"build:01a0de7e-fe93-760a-9c19-09670caf8bbf","len":221,"message":"LogChunk","worker_id":"adbaf9ad-0b23-46d2-b57e-ed4d04ee8e3b"}}
{"event":"proto.client.log_chunk","at":"2026-09-26T23:25:04.293500326Z","content":{"direction":"client","job_id":"build:01a0de7e-fe93-760a-9c19-09670caf8bbf","len":213,"message":"LogChunk","worker_id":"adbaf9ad-0b23-46d2-b57e-ed4d04ee8e3b"}}
{"event":"proto.client.log_chunk","at":"2026-09-26T23:25:04.295078540Z","content":{"direction":"client","job_id":"build:01a0de7e-fe93-760a-9c19-09670caf8bbf","len":208,"message":"LogChunk","worker_id":"adbaf9ad-0b23-46d2-b57e-ed4d04ee8e3b"}}
{"event":"proto.client.log_chunk","at":"2026-09-26T23:25:04.308790161Z","content":{"direction":"client","job_id":"build:01a0de7e-fe93-760a-9c19-09670caf8bbf","len":341,"message":"LogChunk","worker_id":"adbaf9ad-0b23-46d2-b57e-ed4d04ee8e3b"}}
{"event":"proto.client.log_chunk","at":"2026-09-26T23:25:04.315576648Z","content":{"direction":"client","job_id":"build:01a0de7e-fe93-760a-9c19-09670caf8bbf","len":208,"message":"LogChunk","worker_id":"adbaf9ad-0b23-46d2-b57e-ed4d04ee8e3b"}}
{"event":"proto.client.log_chunk","at":"2026-09-26T23:25:04.317423853Z","content":{"direction":"client","job_id":"build:01a0de7e-fe93-760a-9c19-09670caf8bbf","len":178,"message":"LogChunk","worker_id":"adbaf9ad-0b23-46d2-b57e-ed4d04ee8e3b"}}
{"event":"proto.client.log_chunk","at":"2026-09-26T23:25:04.319044357Z","content":{"direction":"client","job_id":"build:01a0de7e-fe93-760a-9c19-09670caf8bbf","len":208,"message":"LogChunk","worker_id":"adbaf9ad-0b23-46d2-b57e-ed4d04ee8e3b"}}
{"event":"proto.client.log_chunk","at":"2026-09-26T23:25:04.707178855Z","content":{"direction":"client","job_id":"build:01a0de7e-fe93-760a-9c19-09670caf8bbf","len":176,"message":"LogChunk","worker_id":"adbaf9ad-0b23-46d2-b57e-ed4d04ee8e3b"}}
{"event":"proto.client.request_job","at":"2026-09-26T23:25:04.842789748Z","content":{"direction":"client","job_id":null,"len":null,"message":"RequestJob","worker_id":"adbaf9ad-0b23-46d2-b57e-ed4d04ee8e3b"}}
{"event":"proto.client.request_job","at":"2026-09-26T23:25:04.842940100Z","content":{"direction":"client","job_id":null,"len":null,"message":"RequestJob","worker_id":"adbaf9ad-0b23-46d2-b57e-ed4d04ee8e3b"}}
{"event":"proto.client.worker_metrics","at":"2026-09-26T23:25:05.049480983Z","content":{"direction":"client","job_id":null,"len":null,"message":"WorkerMetrics","worker_id":"adbaf9ad-0b23-46d2-b57e-ed4d04ee8e3b"}}
{"event":"graph.requeued","at":"2026-09-26T23:25:05.846012779Z","content":{"requeued":0}}
{"event":"proto.client.log_chunk","at":"2026-09-26T23:25:06.233464596Z","content":{"direction":"client","job_id":"build:01a0de7e-fe93-760a-9c19-09670caf8bbf","len":323,"message":"LogChunk","worker_id":"adbaf9ad-0b23-46d2-b57e-ed4d04ee8e3b"}}
{"event":"proto.client.log_chunk","at":"2026-09-26T23:25:06.238338834Z","content":{"direction":"client","job_id":"build:01a0de7e-fe93-760a-9c19-09670caf8bbf","len":321,"message":"LogChunk","worker_id":"adbaf9ad-0b23-46d2-b57e-ed4d04ee8e3b"}}
{"event":"proto.client.log_chunk","at":"2026-09-26T23:25:06.240335388Z","content":{"direction":"client","job_id":"build:01a0de7e-fe93-760a-9c19-09670caf8bbf","len":168,"message":"LogChunk","worker_id":"adbaf9ad-0b23-46d2-b57e-ed4d04ee8e3b"}}
{"event":"proto.client.log_chunk","at":"2026-09-26T23:25:06.241884073Z","content":{"direction":"client","job_id":"build:01a0de7e-fe93-760a-9c19-09670caf8bbf","len":165,"message":"LogChunk","worker_id":"adbaf9ad-0b23-46d2-b57e-ed4d04ee8e3b"}}
{"event":"proto.client.log_chunk","at":"2026-09-26T23:25:06.243590751Z","content":{"direction":"client","job_id":"build:01a0de7e-fe93-760a-9c19-09670caf8bbf","len":165,"message":"LogChunk","worker_id":"adbaf9ad-0b23-46d2-b57e-ed4d04ee8e3b"}}
{"event":"proto.client.log_chunk","at":"2026-09-26T23:25:06.245149066Z","content":{"direction":"client","job_id":"build:01a0de7e-fe93-760a-9c19-09670caf8bbf","len":175,"message":"LogChunk","worker_id":"adbaf9ad-0b23-46d2-b57e-ed4d04ee8e3b"}}
{"event":"proto.client.log_chunk","at":"2026-09-26T23:25:06.266942280Z","content":{"direction":"client","job_id":"build:01a0de7e-fe93-760a-9c19-09670caf8bbf","len":340,"message":"LogChunk","worker_id":"adbaf9ad-0b23-46d2-b57e-ed4d04ee8e3b"}}
{"event":"proto.client.log_chunk","at":"2026-09-26T23:25:06.268917036Z","content":{"direction":"client","job_id":"build:01a0de7e-fe93-760a-9c19-09670caf8bbf","len":151,"message":"LogChunk","worker_id":"adbaf9ad-0b23-46d2-b57e-ed4d04ee8e3b"}}
{"event":"proto.client.log_chunk","at":"2026-09-26T23:25:06.270708733Z","content":{"direction":"client","job_id":"build:01a0de7e-fe93-760a-9c19-09670caf8bbf","len":237,"message":"LogChunk","worker_id":"adbaf9ad-0b23-46d2-b57e-ed4d04ee8e3b"}}
{"event":"proto.client.log_chunk","at":"2026-09-26T23:25:06.272424669Z","content":{"direction":"client","job_id":"build:01a0de7e-fe93-760a-9c19-09670caf8bbf","len":246,"message":"LogChunk","worker_id":"adbaf9ad-0b23-46d2-b57e-ed4d04ee8e3b"}}
{"event":"proto.client.log_chunk","at":"2026-09-26T23:25:06.274070178Z","content":{"direction":"client","job_id":"build:01a0de7e-fe93-760a-9c19-09670caf8bbf","len":195,"message":"LogChunk","worker_id":"adbaf9ad-0b23-46d2-b57e-ed4d04ee8e3b"}}
{"event":"proto.client.log_chunk","at":"2026-09-26T23:25:06.275601828Z","content":{"direction":"client","job_id":"build:01a0de7e-fe93-760a-9c19-09670caf8bbf","len":251,"message":"LogChunk","worker_id":"adbaf9ad-0b23-46d2-b57e-ed4d04ee8e3b"}}
{"event":"proto.client.log_chunk","at":"2026-09-26T23:25:06.277287495Z","content":{"direction":"client","job_id":"build:01a0de7e-fe93-760a-9c19-09670caf8bbf","len":237,"message":"LogChunk","worker_id":"adbaf9ad-0b23-46d2-b57e-ed4d04ee8e3b"}}
{"event":"proto.client.log_chunk","at":"2026-09-26T23:25:06.278833431Z","content":{"direction":"client","job_id":"build:01a0de7e-fe93-760a-9c19-09670caf8bbf","len":151,"message":"LogChunk","worker_id":"adbaf9ad-0b23-46d2-b57e-ed4d04ee8e3b"}}
{"event":"proto.client.log_chunk","at":"2026-09-26T23:25:06.280185100Z","content":{"direction":"client","job_id":"build:01a0de7e-fe93-760a-9c19-09670caf8bbf","len":186,"message":"LogChunk","worker_id":"adbaf9ad-0b23-46d2-b57e-ed4d04ee8e3b"}}
{"event":"proto.client.log_chunk","at":"2026-09-26T23:25:06.281745717Z","content":{"direction":"client","job_id":"build:01a0de7e-fe93-760a-9c19-09670caf8bbf","len":168,"message":"LogChunk","worker_id":"adbaf9ad-0b23-46d2-b57e-ed4d04ee8e3b"}}
{"event":"proto.client.log_chunk","at":"2026-09-26T23:25:06.303881473Z","content":{"direction":"client","job_id":"build:01a0de7e-fe93-760a-9c19-09670caf8bbf","len":341,"message":"LogChunk","worker_id":"adbaf9ad-0b23-46d2-b57e-ed4d04ee8e3b"}}
{"event":"proto.client.log_chunk","at":"2026-09-26T23:25:06.305644639Z","content":{"direction":"client","job_id":"build:01a0de7e-fe93-760a-9c19-09670caf8bbf","len":162,"message":"LogChunk","worker_id":"adbaf9ad-0b23-46d2-b57e-ed4d04ee8e3b"}}
{"event":"proto.client.log_chunk","at":"2026-09-26T23:25:06.307177650Z","content":{"direction":"client","job_id":"build:01a0de7e-fe93-760a-9c19-09670caf8bbf","len":165,"message":"LogChunk","worker_id":"adbaf9ad-0b23-46d2-b57e-ed4d04ee8e3b"}}
{"event":"proto.client.log_chunk","at":"2026-09-26T23:25:06.311707740Z","content":{"direction":"client","job_id":"build:01a0de7e-fe93-760a-9c19-09670caf8bbf","len":203,"message":"LogChunk","worker_id":"adbaf9ad-0b23-46d2-b57e-ed4d04ee8e3b"}}
{"event":"proto.client.log_chunk","at":"2026-09-26T23:25:06.313375399Z","content":{"direction":"client","job_id":"build:01a0de7e-fe93-760a-9c19-09670caf8bbf","len":232,"message":"LogChunk","worker_id":"adbaf9ad-0b23-46d2-b57e-ed4d04ee8e3b"}}
{"event":"proto.client.log_chunk","at":"2026-09-26T23:25:06.315228267Z","content":{"direction":"client","job_id":"build:01a0de7e-fe93-760a-9c19-09670caf8bbf","len":231,"message":"LogChunk","worker_id":"adbaf9ad-0b23-46d2-b57e-ed4d04ee8e3b"}}
{"event":"proto.client.log_chunk","at":"2026-09-26T23:25:06.316775734Z","content":{"direction":"client","job_id":"build:01a0de7e-fe93-760a-9c19-09670caf8bbf","len":235,"message":"LogChunk","worker_id":"adbaf9ad-0b23-46d2-b57e-ed4d04ee8e3b"}}
{"event":"proto.client.log_chunk","at":"2026-09-26T23:25:06.318019509Z","content":{"direction":"client","job_id":"build:01a0de7e-fe93-760a-9c19-09670caf8bbf","len":214,"message":"LogChunk","worker_id":"adbaf9ad-0b23-46d2-b57e-ed4d04ee8e3b"}}
{"event":"proto.client.log_chunk","at":"2026-09-26T23:25:06.319431085Z","content":{"direction":"client","job_id":"build:01a0de7e-fe93-760a-9c19-09670caf8bbf","len":256,"message":"LogChunk","worker_id":"adbaf9ad-0b23-46d2-b57e-ed4d04ee8e3b"}}
{"event":"proto.client.log_chunk","at":"2026-09-26T23:25:06.320809861Z","content":{"direction":"client","job_id":"build:01a0de7e-fe93-760a-9c19-09670caf8bbf","len":256,"message":"LogChunk","worker_id":"adbaf9ad-0b23-46d2-b57e-ed4d04ee8e3b"}}
{"event":"proto.client.log_chunk","at":"2026-09-26T23:25:06.322204499Z","content":{"direction":"client","job_id":"build:01a0de7e-fe93-760a-9c19-09670caf8bbf","len":255,"message":"LogChunk","worker_id":"adbaf9ad-0b23-46d2-b57e-ed4d04ee8e3b"}}
{"event":"proto.client.log_chunk","at":"2026-09-26T23:25:06.323668652Z","content":{"direction":"client","job_id":"build:01a0de7e-fe93-760a-9c19-09670caf8bbf","len":254,"message":"LogChunk","worker_id":"adbaf9ad-0b23-46d2-b57e-ed4d04ee8e3b"}}
{"event":"proto.client.log_chunk","at":"2026-09-26T23:25:06.340435586Z","content":{"direction":"client","job_id":"build:01a0de7e-fe93-760a-9c19-09670caf8bbf","len":213,"message":"LogChunk","worker_id":"adbaf9ad-0b23-46d2-b57e-ed4d04ee8e3b"}}
{"event":"proto.client.log_chunk","at":"2026-09-26T23:25:06.342423766Z","content":{"direction":"client","job_id":"build:01a0de7e-fe93-760a-9c19-09670caf8bbf","len":252,"message":"LogChunk","worker_id":"adbaf9ad-0b23-46d2-b57e-ed4d04ee8e3b"}}
{"event":"proto.client.log_chunk","at":"2026-09-26T23:25:06.344017887Z","content":{"direction":"client","job_id":"build:01a0de7e-fe93-760a-9c19-09670caf8bbf","len":256,"message":"LogChunk","worker_id":"adbaf9ad-0b23-46d2-b57e-ed4d04ee8e3b"}}
{"event":"proto.client.log_chunk","at":"2026-09-26T23:25:06.345486768Z","content":{"direction":"client","job_id":"build:01a0de7e-fe93-760a-9c19-09670caf8bbf","len":209,"message":"LogChunk","worker_id":"adbaf9ad-0b23-46d2-b57e-ed4d04ee8e3b"}}
{"event":"proto.client.log_chunk","at":"2026-09-26T23:25:06.347152168Z","content":{"direction":"client","job_id":"build:01a0de7e-fe93-760a-9c19-09670caf8bbf","len":244,"message":"LogChunk","worker_id":"adbaf9ad-0b23-46d2-b57e-ed4d04ee8e3b"}}
{"event":"proto.client.log_chunk","at":"2026-09-26T23:25:06.348934484Z","content":{"direction":"client","job_id":"build:01a0de7e-fe93-760a-9c19-09670caf8bbf","len":244,"message":"LogChunk","worker_id":"adbaf9ad-0b23-46d2-b57e-ed4d04ee8e3b"}}
{"event":"proto.client.log_chunk","at":"2026-09-26T23:25:06.350447387Z","content":{"direction":"client","job_id":"build:01a0de7e-fe93-760a-9c19-09670caf8bbf","len":214,"message":"LogChunk","worker_id":"adbaf9ad-0b23-46d2-b57e-ed4d04ee8e3b"}}
{"event":"proto.client.log_chunk","at":"2026-09-26T23:25:06.351878823Z","content":{"direction":"client","job_id":"build:01a0de7e-fe93-760a-9c19-09670caf8bbf","len":254,"message":"LogChunk","worker_id":"adbaf9ad-0b23-46d2-b57e-ed4d04ee8e3b"}}
{"event":"proto.client.log_chunk","at":"2026-09-26T23:25:06.353245544Z","content":{"direction":"client","job_id":"build:01a0de7e-fe93-760a-9c19-09670caf8bbf","len":251,"message":"LogChunk","worker_id":"adbaf9ad-0b23-46d2-b57e-ed4d04ee8e3b"}}
{"event":"proto.client.log_chunk","at":"2026-09-26T23:25:06.354741202Z","content":{"direction":"client","job_id":"build:01a0de7e-fe93-760a-9c19-09670caf8bbf","len":214,"message":"LogChunk","worker_id":"adbaf9ad-0b23-46d2-b57e-ed4d04ee8e3b"}}
{"event":"proto.client.log_chunk","at":"2026-09-26T23:25:06.356304444Z","content":{"direction":"client","job_id":"build:01a0de7e-fe93-760a-9c19-09670caf8bbf","len":254,"message":"LogChunk","worker_id":"adbaf9ad-0b23-46d2-b57e-ed4d04ee8e3b"}}
{"event":"proto.client.log_chunk","at":"2026-09-26T23:25:06.357732819Z","content":{"direction":"client","job_id":"build:01a0de7e-fe93-760a-9c19-09670caf8bbf","len":257,"message":"LogChunk","worker_id":"adbaf9ad-0b23-46d2-b57e-ed4d04ee8e3b"}}
{"event":"proto.client.log_chunk","at":"2026-09-26T23:25:06.359182617Z","content":{"direction":"client","job_id":"build:01a0de7e-fe93-760a-9c19-09670caf8bbf","len":260,"message":"LogChunk","worker_id":"adbaf9ad-0b23-46d2-b57e-ed4d04ee8e3b"}}
{"event":"proto.client.log_chunk","at":"2026-09-26T23:25:06.360694702Z","content":{"direction":"client","job_id":"build:01a0de7e-fe93-760a-9c19-09670caf8bbf","len":207,"message":"LogChunk","worker_id":"adbaf9ad-0b23-46d2-b57e-ed4d04ee8e3b"}}
{"event":"proto.client.log_chunk","at":"2026-09-26T23:25:06.362206704Z","content":{"direction":"client","job_id":"build:01a0de7e-fe93-760a-9c19-09670caf8bbf","len":240,"message":"LogChunk","worker_id":"adbaf9ad-0b23-46d2-b57e-ed4d04ee8e3b"}}
{"event":"proto.client.log_chunk","at":"2026-09-26T23:25:06.363651863Z","content":{"direction":"client","job_id":"build:01a0de7e-fe93-760a-9c19-09670caf8bbf","len":213,"message":"LogChunk","worker_id":"adbaf9ad-0b23-46d2-b57e-ed4d04ee8e3b"}}
{"event":"proto.client.log_chunk","at":"2026-09-26T23:25:06.365076199Z","content":{"direction":"client","job_id":"build:01a0de7e-fe93-760a-9c19-09670caf8bbf","len":252,"message":"LogChunk","worker_id":"adbaf9ad-0b23-46d2-b57e-ed4d04ee8e3b"}}
{"event":"proto.client.log_chunk","at":"2026-09-26T23:25:06.366580511Z","content":{"direction":"client","job_id":"build:01a0de7e-fe93-760a-9c19-09670caf8bbf","len":259,"message":"LogChunk","worker_id":"adbaf9ad-0b23-46d2-b57e-ed4d04ee8e3b"}}
{"event":"proto.client.log_chunk","at":"2026-09-26T23:25:06.367989839Z","content":{"direction":"client","job_id":"build:01a0de7e-fe93-760a-9c19-09670caf8bbf","len":271,"message":"LogChunk","worker_id":"adbaf9ad-0b23-46d2-b57e-ed4d04ee8e3b"}}
{"event":"proto.client.log_chunk","at":"2026-09-26T23:25:06.369230977Z","content":{"direction":"client","job_id":"build:01a0de7e-fe93-760a-9c19-09670caf8bbf","len":257,"message":"LogChunk","worker_id":"adbaf9ad-0b23-46d2-b57e-ed4d04ee8e3b"}}
{"event":"proto.client.log_chunk","at":"2026-09-26T23:25:06.370716564Z","content":{"direction":"client","job_id":"build:01a0de7e-fe93-760a-9c19-09670caf8bbf","len":212,"message":"LogChunk","worker_id":"adbaf9ad-0b23-46d2-b57e-ed4d04ee8e3b"}}
{"event":"proto.client.log_chunk","at":"2026-09-26T23:25:06.372030829Z","content":{"direction":"client","job_id":"build:01a0de7e-fe93-760a-9c19-09670caf8bbf","len":251,"message":"LogChunk","worker_id":"adbaf9ad-0b23-46d2-b57e-ed4d04ee8e3b"}}
{"event":"proto.client.log_chunk","at":"2026-09-26T23:25:06.373505429Z","content":{"direction":"client","job_id":"build:01a0de7e-fe93-760a-9c19-09670caf8bbf","len":250,"message":"LogChunk","worker_id":"adbaf9ad-0b23-46d2-b57e-ed4d04ee8e3b"}}
{"event":"proto.client.log_chunk","at":"2026-09-26T23:25:06.374874240Z","content":{"direction":"client","job_id":"build:01a0de7e-fe93-760a-9c19-09670caf8bbf","len":261,"message":"LogChunk","worker_id":"adbaf9ad-0b23-46d2-b57e-ed4d04ee8e3b"}}
{"event":"proto.client.log_chunk","at":"2026-09-26T23:25:06.376233601Z","content":{"direction":"client","job_id":"build:01a0de7e-fe93-760a-9c19-09670caf8bbf","len":253,"message":"LogChunk","worker_id":"adbaf9ad-0b23-46d2-b57e-ed4d04ee8e3b"}}
{"event":"proto.client.log_chunk","at":"2026-09-26T23:25:06.377644710Z","content":{"direction":"client","job_id":"build:01a0de7e-fe93-760a-9c19-09670caf8bbf","len":247,"message":"LogChunk","worker_id":"adbaf9ad-0b23-46d2-b57e-ed4d04ee8e3b"}}
{"event":"proto.client.log_chunk","at":"2026-09-26T23:25:06.378992480Z","content":{"direction":"client","job_id":"build:01a0de7e-fe93-760a-9c19-09670caf8bbf","len":256,"message":"LogChunk","worker_id":"adbaf9ad-0b23-46d2-b57e-ed4d04ee8e3b"}}
{"event":"proto.client.log_chunk","at":"2026-09-26T23:25:06.380415154Z","content":{"direction":"client","job_id":"build:01a0de7e-fe93-760a-9c19-09670caf8bbf","len":249,"message":"LogChunk","worker_id":"adbaf9ad-0b23-46d2-b57e-ed4d04ee8e3b"}}
{"event":"proto.client.log_chunk","at":"2026-09-26T23:25:06.381888019Z","content":{"direction":"client","job_id":"build:01a0de7e-fe93-760a-9c19-09670caf8bbf","len":250,"message":"LogChunk","worker_id":"adbaf9ad-0b23-46d2-b57e-ed4d04ee8e3b"}}
{"event":"proto.client.log_chunk","at":"2026-09-26T23:25:06.383460386Z","content":{"direction":"client","job_id":"build:01a0de7e-fe93-760a-9c19-09670caf8bbf","len":250,"message":"LogChunk","worker_id":"adbaf9ad-0b23-46d2-b57e-ed4d04ee8e3b"}}
{"event":"proto.client.log_chunk","at":"2026-09-26T23:25:06.384811441Z","content":{"direction":"client","job_id":"build:01a0de7e-fe93-760a-9c19-09670caf8bbf","len":253,"message":"LogChunk","worker_id":"adbaf9ad-0b23-46d2-b57e-ed4d04ee8e3b"}}
{"event":"proto.client.log_chunk","at":"2026-09-26T23:25:06.386151329Z","content":{"direction":"client","job_id":"build:01a0de7e-fe93-760a-9c19-09670caf8bbf","len":260,"message":"LogChunk","worker_id":"adbaf9ad-0b23-46d2-b57e-ed4d04ee8e3b"}}
{"event":"proto.client.log_chunk","at":"2026-09-26T23:25:06.387607311Z","content":{"direction":"client","job_id":"build:01a0de7e-fe93-760a-9c19-09670caf8bbf","len":249,"message":"LogChunk","worker_id":"adbaf9ad-0b23-46d2-b57e-ed4d04ee8e3b"}}
{"event":"proto.client.log_chunk","at":"2026-09-26T23:25:06.388992513Z","content":{"direction":"client","job_id":"build:01a0de7e-fe93-760a-9c19-09670caf8bbf","len":246,"message":"LogChunk","worker_id":"adbaf9ad-0b23-46d2-b57e-ed4d04ee8e3b"}}
{"event":"proto.client.log_chunk","at":"2026-09-26T23:25:06.390600920Z","content":{"direction":"client","job_id":"build:01a0de7e-fe93-760a-9c19-09670caf8bbf","len":247,"message":"LogChunk","worker_id":"adbaf9ad-0b23-46d2-b57e-ed4d04ee8e3b"}}
{"event":"proto.client.log_chunk","at":"2026-09-26T23:25:06.391922896Z","content":{"direction":"client","job_id":"build:01a0de7e-fe93-760a-9c19-09670caf8bbf","len":250,"message":"LogChunk","worker_id":"adbaf9ad-0b23-46d2-b57e-ed4d04ee8e3b"}}
{"event":"proto.client.log_chunk","at":"2026-09-26T23:25:06.393455305Z","content":{"direction":"client","job_id":"build:01a0de7e-fe93-760a-9c19-09670caf8bbf","len":250,"message":"LogChunk","worker_id":"adbaf9ad-0b23-46d2-b57e-ed4d04ee8e3b"}}
{"event":"proto.client.log_chunk","at":"2026-09-26T23:25:06.394852428Z","content":{"direction":"client","job_id":"build:01a0de7e-fe93-760a-9c19-09670caf8bbf","len":247,"message":"LogChunk","worker_id":"adbaf9ad-0b23-46d2-b57e-ed4d04ee8e3b"}}
{"event":"proto.client.log_chunk","at":"2026-09-26T23:25:06.396109620Z","content":{"direction":"client","job_id":"build:01a0de7e-fe93-760a-9c19-09670caf8bbf","len":249,"message":"LogChunk","worker_id":"adbaf9ad-0b23-46d2-b57e-ed4d04ee8e3b"}}
{"event":"proto.client.log_chunk","at":"2026-09-26T23:25:06.397489848Z","content":{"direction":"client","job_id":"build:01a0de7e-fe93-760a-9c19-09670caf8bbf","len":251,"message":"LogChunk","worker_id":"adbaf9ad-0b23-46d2-b57e-ed4d04ee8e3b"}}
{"event":"proto.client.log_chunk","at":"2026-09-26T23:25:06.398810818Z","content":{"direction":"client","job_id":"build:01a0de7e-fe93-760a-9c19-09670caf8bbf","len":256,"message":"LogChunk","worker_id":"adbaf9ad-0b23-46d2-b57e-ed4d04ee8e3b"}}
{"event":"proto.client.log_chunk","at":"2026-09-26T23:25:06.400591693Z","content":{"direction":"client","job_id":"build:01a0de7e-fe93-760a-9c19-09670caf8bbf","len":249,"message":"LogChunk","worker_id":"adbaf9ad-0b23-46d2-b57e-ed4d04ee8e3b"}}
{"event":"proto.client.log_chunk","at":"2026-09-26T23:25:06.402040707Z","content":{"direction":"client","job_id":"build:01a0de7e-fe93-760a-9c19-09670caf8bbf","len":250,"message":"LogChunk","worker_id":"adbaf9ad-0b23-46d2-b57e-ed4d04ee8e3b"}}
{"event":"proto.client.log_chunk","at":"2026-09-26T23:25:06.403420177Z","content":{"direction":"client","job_id":"build:01a0de7e-fe93-760a-9c19-09670caf8bbf","len":247,"message":"LogChunk","worker_id":"adbaf9ad-0b23-46d2-b57e-ed4d04ee8e3b"}}
{"event":"proto.client.log_chunk","at":"2026-09-26T23:25:06.404807651Z","content":{"direction":"client","job_id":"build:01a0de7e-fe93-760a-9c19-09670caf8bbf","len":210,"message":"LogChunk","worker_id":"adbaf9ad-0b23-46d2-b57e-ed4d04ee8e3b"}}
{"event":"proto.client.log_chunk","at":"2026-09-26T23:25:06.406167918Z","content":{"direction":"client","job_id":"build:01a0de7e-fe93-760a-9c19-09670caf8bbf","len":247,"message":"LogChunk","worker_id":"adbaf9ad-0b23-46d2-b57e-ed4d04ee8e3b"}}
{"event":"proto.client.log_chunk","at":"2026-09-26T23:25:06.407673174Z","content":{"direction":"client","job_id":"build:01a0de7e-fe93-760a-9c19-09670caf8bbf","len":246,"message":"LogChunk","worker_id":"adbaf9ad-0b23-46d2-b57e-ed4d04ee8e3b"}}
{"event":"proto.client.log_chunk","at":"2026-09-26T23:25:06.408904156Z","content":{"direction":"client","job_id":"build:01a0de7e-fe93-760a-9c19-09670caf8bbf","len":250,"message":"LogChunk","worker_id":"adbaf9ad-0b23-46d2-b57e-ed4d04ee8e3b"}}
{"event":"proto.client.log_chunk","at":"2026-09-26T23:25:06.410312782Z","content":{"direction":"client","job_id":"build:01a0de7e-fe93-760a-9c19-09670caf8bbf","len":248,"message":"LogChunk","worker_id":"adbaf9ad-0b23-46d2-b57e-ed4d04ee8e3b"}}
{"event":"proto.client.log_chunk","at":"2026-09-26T23:25:06.411781995Z","content":{"direction":"client","job_id":"build:01a0de7e-fe93-760a-9c19-09670caf8bbf","len":247,"message":"LogChunk","worker_id":"adbaf9ad-0b23-46d2-b57e-ed4d04ee8e3b"}}
{"event":"proto.client.log_chunk","at":"2026-09-26T23:25:06.413214036Z","content":{"direction":"client","job_id":"build:01a0de7e-fe93-760a-9c19-09670caf8bbf","len":246,"message":"LogChunk","worker_id":"adbaf9ad-0b23-46d2-b57e-ed4d04ee8e3b"}}
{"event":"proto.client.log_chunk","at":"2026-09-26T23:25:06.414525345Z","content":{"direction":"client","job_id":"build:01a0de7e-fe93-760a-9c19-09670caf8bbf","len":249,"message":"LogChunk","worker_id":"adbaf9ad-0b23-46d2-b57e-ed4d04ee8e3b"}}
{"event":"proto.client.log_chunk","at":"2026-09-26T23:25:06.415842654Z","content":{"direction":"client","job_id":"build:01a0de7e-fe93-760a-9c19-09670caf8bbf","len":246,"message":"LogChunk","worker_id":"adbaf9ad-0b23-46d2-b57e-ed4d04ee8e3b"}}
{"event":"proto.client.log_chunk","at":"2026-09-26T23:25:06.417255452Z","content":{"direction":"client","job_id":"build:01a0de7e-fe93-760a-9c19-09670caf8bbf","len":245,"message":"LogChunk","worker_id":"adbaf9ad-0b23-46d2-b57e-ed4d04ee8e3b"}}
{"event":"proto.client.log_chunk","at":"2026-09-26T23:25:06.418494250Z","content":{"direction":"client","job_id":"build:01a0de7e-fe93-760a-9c19-09670caf8bbf","len":242,"message":"LogChunk","worker_id":"adbaf9ad-0b23-46d2-b57e-ed4d04ee8e3b"}}
{"event":"proto.client.log_chunk","at":"2026-09-26T23:25:06.419806063Z","content":{"direction":"client","job_id":"build:01a0de7e-fe93-760a-9c19-09670caf8bbf","len":248,"message":"LogChunk","worker_id":"adbaf9ad-0b23-46d2-b57e-ed4d04ee8e3b"}}
{"event":"proto.client.log_chunk","at":"2026-09-26T23:25:06.421129794Z","content":{"direction":"client","job_id":"build:01a0de7e-fe93-760a-9c19-09670caf8bbf","len":214,"message":"LogChunk","worker_id":"adbaf9ad-0b23-46d2-b57e-ed4d04ee8e3b"}}
{"event":"proto.client.log_chunk","at":"2026-09-26T23:25:06.422567371Z","content":{"direction":"client","job_id":"build:01a0de7e-fe93-760a-9c19-09670caf8bbf","len":251,"message":"LogChunk","worker_id":"adbaf9ad-0b23-46d2-b57e-ed4d04ee8e3b"}}
{"event":"proto.client.log_chunk","at":"2026-09-26T23:25:06.423984012Z","content":{"direction":"client","job_id":"build:01a0de7e-fe93-760a-9c19-09670caf8bbf","len":254,"message":"LogChunk","worker_id":"adbaf9ad-0b23-46d2-b57e-ed4d04ee8e3b"}}
{"event":"proto.client.log_chunk","at":"2026-09-26T23:25:06.425301710Z","content":{"direction":"client","job_id":"build:01a0de7e-fe93-760a-9c19-09670caf8bbf","len":218,"message":"LogChunk","worker_id":"adbaf9ad-0b23-46d2-b57e-ed4d04ee8e3b"}}
{"event":"proto.client.log_chunk","at":"2026-09-26T23:25:06.426763135Z","content":{"direction":"client","job_id":"build:01a0de7e-fe93-760a-9c19-09670caf8bbf","len":262,"message":"LogChunk","worker_id":"adbaf9ad-0b23-46d2-b57e-ed4d04ee8e3b"}}
{"event":"proto.client.log_chunk","at":"2026-09-26T23:25:06.428184235Z","content":{"direction":"client","job_id":"build:01a0de7e-fe93-760a-9c19-09670caf8bbf","len":258,"message":"LogChunk","worker_id":"adbaf9ad-0b23-46d2-b57e-ed4d04ee8e3b"}}
{"event":"proto.client.log_chunk","at":"2026-09-26T23:25:06.429572021Z","content":{"direction":"client","job_id":"build:01a0de7e-fe93-760a-9c19-09670caf8bbf","len":259,"message":"LogChunk","worker_id":"adbaf9ad-0b23-46d2-b57e-ed4d04ee8e3b"}}
{"event":"proto.client.log_chunk","at":"2026-09-26T23:25:06.430918234Z","content":{"direction":"client","job_id":"build:01a0de7e-fe93-760a-9c19-09670caf8bbf","len":263,"message":"LogChunk","worker_id":"adbaf9ad-0b23-46d2-b57e-ed4d04ee8e3b"}}
{"event":"proto.client.log_chunk","at":"2026-09-26T23:25:06.432362433Z","content":{"direction":"client","job_id":"build:01a0de7e-fe93-760a-9c19-09670caf8bbf","len":223,"message":"LogChunk","worker_id":"adbaf9ad-0b23-46d2-b57e-ed4d04ee8e3b"}}
{"event":"proto.client.log_chunk","at":"2026-09-26T23:25:06.433940698Z","content":{"direction":"client","job_id":"build:01a0de7e-fe93-760a-9c19-09670caf8bbf","len":269,"message":"LogChunk","worker_id":"adbaf9ad-0b23-46d2-b57e-ed4d04ee8e3b"}}
{"event":"proto.client.log_chunk","at":"2026-09-26T23:25:06.435465885Z","content":{"direction":"client","job_id":"build:01a0de7e-fe93-760a-9c19-09670caf8bbf","len":271,"message":"LogChunk","worker_id":"adbaf9ad-0b23-46d2-b57e-ed4d04ee8e3b"}}
{"event":"proto.client.log_chunk","at":"2026-09-26T23:25:06.436715617Z","content":{"direction":"client","job_id":"build:01a0de7e-fe93-760a-9c19-09670caf8bbf","len":272,"message":"LogChunk","worker_id":"adbaf9ad-0b23-46d2-b57e-ed4d04ee8e3b"}}
{"event":"proto.client.log_chunk","at":"2026-09-26T23:25:06.438158173Z","content":{"direction":"client","job_id":"build:01a0de7e-fe93-760a-9c19-09670caf8bbf","len":268,"message":"LogChunk","worker_id":"adbaf9ad-0b23-46d2-b57e-ed4d04ee8e3b"}}
{"event":"proto.client.log_chunk","at":"2026-09-26T23:25:06.439652784Z","content":{"direction":"client","job_id":"build:01a0de7e-fe93-760a-9c19-09670caf8bbf","len":218,"message":"LogChunk","worker_id":"adbaf9ad-0b23-46d2-b57e-ed4d04ee8e3b"}}
{"event":"proto.client.log_chunk","at":"2026-09-26T23:25:06.441003374Z","content":{"direction":"client","job_id":"build:01a0de7e-fe93-760a-9c19-09670caf8bbf","len":266,"message":"LogChunk","worker_id":"adbaf9ad-0b23-46d2-b57e-ed4d04ee8e3b"}}
{"event":"proto.client.log_chunk","at":"2026-09-26T23:25:06.442528899Z","content":{"direction":"client","job_id":"build:01a0de7e-fe93-760a-9c19-09670caf8bbf","len":271,"message":"LogChunk","worker_id":"adbaf9ad-0b23-46d2-b57e-ed4d04ee8e3b"}}
{"event":"proto.client.log_chunk","at":"2026-09-26T23:25:06.443973289Z","content":{"direction":"client","job_id":"build:01a0de7e-fe93-760a-9c19-09670caf8bbf","len":262,"message":"LogChunk","worker_id":"adbaf9ad-0b23-46d2-b57e-ed4d04ee8e3b"}}
{"event":"proto.client.log_chunk","at":"2026-09-26T23:25:06.445443134Z","content":{"direction":"client","job_id":"build:01a0de7e-fe93-760a-9c19-09670caf8bbf","len":216,"message":"LogChunk","worker_id":"adbaf9ad-0b23-46d2-b57e-ed4d04ee8e3b"}}
{"event":"proto.client.log_chunk","at":"2026-09-26T23:25:06.446820869Z","content":{"direction":"client","job_id":"build:01a0de7e-fe93-760a-9c19-09670caf8bbf","len":258,"message":"LogChunk","worker_id":"adbaf9ad-0b23-46d2-b57e-ed4d04ee8e3b"}}
{"event":"proto.client.log_chunk","at":"2026-09-26T23:25:06.448132236Z","content":{"direction":"client","job_id":"build:01a0de7e-fe93-760a-9c19-09670caf8bbf","len":260,"message":"LogChunk","worker_id":"adbaf9ad-0b23-46d2-b57e-ed4d04ee8e3b"}}
{"event":"proto.client.log_chunk","at":"2026-09-26T23:25:06.449742165Z","content":{"direction":"client","job_id":"build:01a0de7e-fe93-760a-9c19-09670caf8bbf","len":259,"message":"LogChunk","worker_id":"adbaf9ad-0b23-46d2-b57e-ed4d04ee8e3b"}}
{"event":"proto.client.log_chunk","at":"2026-09-26T23:25:06.451275636Z","content":{"direction":"client","job_id":"build:01a0de7e-fe93-760a-9c19-09670caf8bbf","len":219,"message":"LogChunk","worker_id":"adbaf9ad-0b23-46d2-b57e-ed4d04ee8e3b"}}
{"event":"proto.client.log_chunk","at":"2026-09-26T23:25:06.452684650Z","content":{"direction":"client","job_id":"build:01a0de7e-fe93-760a-9c19-09670caf8bbf","len":264,"message":"LogChunk","worker_id":"adbaf9ad-0b23-46d2-b57e-ed4d04ee8e3b"}}
{"event":"proto.client.log_chunk","at":"2026-09-26T23:25:06.454354596Z","content":{"direction":"client","job_id":"build:01a0de7e-fe93-760a-9c19-09670caf8bbf","len":261,"message":"LogChunk","worker_id":"adbaf9ad-0b23-46d2-b57e-ed4d04ee8e3b"}}
{"event":"proto.client.log_chunk","at":"2026-09-26T23:25:06.455977757Z","content":{"direction":"client","job_id":"build:01a0de7e-fe93-760a-9c19-09670caf8bbf","len":266,"message":"LogChunk","worker_id":"adbaf9ad-0b23-46d2-b57e-ed4d04ee8e3b"}}
{"event":"proto.client.log_chunk","at":"2026-09-26T23:25:06.457747490Z","content":{"direction":"client","job_id":"build:01a0de7e-fe93-760a-9c19-09670caf8bbf","len":271,"message":"LogChunk","worker_id":"adbaf9ad-0b23-46d2-b57e-ed4d04ee8e3b"}}
{"event":"proto.client.log_chunk","at":"2026-09-26T23:25:06.459288229Z","content":{"direction":"client","job_id":"build:01a0de7e-fe93-760a-9c19-09670caf8bbf","len":225,"message":"LogChunk","worker_id":"adbaf9ad-0b23-46d2-b57e-ed4d04ee8e3b"}}
{"event":"proto.client.log_chunk","at":"2026-09-26T23:25:06.460802328Z","content":{"direction":"client","job_id":"build:01a0de7e-fe93-760a-9c19-09670caf8bbf","len":276,"message":"LogChunk","worker_id":"adbaf9ad-0b23-46d2-b57e-ed4d04ee8e3b"}}
{"event":"proto.client.log_chunk","at":"2026-09-26T23:25:06.462332441Z","content":{"direction":"client","job_id":"build:01a0de7e-fe93-760a-9c19-09670caf8bbf","len":286,"message":"LogChunk","worker_id":"adbaf9ad-0b23-46d2-b57e-ed4d04ee8e3b"}}
{"event":"proto.client.log_chunk","at":"2026-09-26T23:25:06.464001622Z","content":{"direction":"client","job_id":"build:01a0de7e-fe93-760a-9c19-09670caf8bbf","len":282,"message":"LogChunk","worker_id":"adbaf9ad-0b23-46d2-b57e-ed4d04ee8e3b"}}
{"event":"proto.client.log_chunk","at":"2026-09-26T23:25:06.465445378Z","content":{"direction":"client","job_id":"build:01a0de7e-fe93-760a-9c19-09670caf8bbf","len":166,"message":"LogChunk","worker_id":"adbaf9ad-0b23-46d2-b57e-ed4d04ee8e3b"}}
{"event":"proto.client.log_chunk","at":"2026-09-26T23:25:06.466867681Z","content":{"direction":"client","job_id":"build:01a0de7e-fe93-760a-9c19-09670caf8bbf","len":196,"message":"LogChunk","worker_id":"adbaf9ad-0b23-46d2-b57e-ed4d04ee8e3b"}}
{"event":"proto.client.log_chunk","at":"2026-09-26T23:25:06.468512601Z","content":{"direction":"client","job_id":"build:01a0de7e-fe93-760a-9c19-09670caf8bbf","len":224,"message":"LogChunk","worker_id":"adbaf9ad-0b23-46d2-b57e-ed4d04ee8e3b"}}
{"event":"proto.client.log_chunk","at":"2026-09-26T23:25:06.470058779Z","content":{"direction":"client","job_id":"build:01a0de7e-fe93-760a-9c19-09670caf8bbf","len":983,"message":"LogChunk","worker_id":"adbaf9ad-0b23-46d2-b57e-ed4d04ee8e3b"}}
{"event":"proto.client.log_chunk","at":"2026-09-26T23:25:07.884057511Z","content":{"direction":"client","job_id":"build:01a0de7e-fe93-760a-9c19-09670caf8bbf","len":971,"message":"LogChunk","worker_id":"adbaf9ad-0b23-46d2-b57e-ed4d04ee8e3b"}}
{"event":"proto.client.log_chunk","at":"2026-09-26T23:25:09.274243600Z","content":{"direction":"client","job_id":"build:01a0de7e-fe93-760a-9c19-09670caf8bbf","len":2687,"message":"LogChunk","worker_id":"adbaf9ad-0b23-46d2-b57e-ed4d04ee8e3b"}}
{"event":"proto.client.log_chunk","at":"2026-09-26T23:25:09.726923887Z","content":{"direction":"client","job_id":"build:01a0de7e-fe93-760a-9c19-09670caf8bbf","len":198,"message":"LogChunk","worker_id":"adbaf9ad-0b23-46d2-b57e-ed4d04ee8e3b"}}
{"event":"proto.client.log_chunk","at":"2026-09-26T23:25:09.729501744Z","content":{"direction":"client","job_id":"build:01a0de7e-fe93-760a-9c19-09670caf8bbf","len":237,"message":"LogChunk","worker_id":"adbaf9ad-0b23-46d2-b57e-ed4d04ee8e3b"}}
{"event":"proto.client.log_chunk","at":"2026-09-26T23:25:09.731528722Z","content":{"direction":"client","job_id":"build:01a0de7e-fe93-760a-9c19-09670caf8bbf","len":241,"message":"LogChunk","worker_id":"adbaf9ad-0b23-46d2-b57e-ed4d04ee8e3b"}}
{"event":"proto.client.log_chunk","at":"2026-09-26T23:25:09.733335917Z","content":{"direction":"client","job_id":"build:01a0de7e-fe93-760a-9c19-09670caf8bbf","len":241,"message":"LogChunk","worker_id":"adbaf9ad-0b23-46d2-b57e-ed4d04ee8e3b"}}
{"event":"proto.client.log_chunk","at":"2026-09-26T23:25:09.734946530Z","content":{"direction":"client","job_id":"build:01a0de7e-fe93-760a-9c19-09670caf8bbf","len":229,"message":"LogChunk","worker_id":"adbaf9ad-0b23-46d2-b57e-ed4d04ee8e3b"}}
{"event":"proto.client.log_chunk","at":"2026-09-26T23:25:09.736631071Z","content":{"direction":"client","job_id":"build:01a0de7e-fe93-760a-9c19-09670caf8bbf","len":233,"message":"LogChunk","worker_id":"adbaf9ad-0b23-46d2-b57e-ed4d04ee8e3b"}}
{"event":"proto.client.log_chunk","at":"2026-09-26T23:25:09.738238397Z","content":{"direction":"client","job_id":"build:01a0de7e-fe93-760a-9c19-09670caf8bbf","len":233,"message":"LogChunk","worker_id":"adbaf9ad-0b23-46d2-b57e-ed4d04ee8e3b"}}
{"event":"proto.client.log_chunk","at":"2026-09-26T23:25:09.739701569Z","content":{"direction":"client","job_id":"build:01a0de7e-fe93-760a-9c19-09670caf8bbf","len":1003,"message":"LogChunk","worker_id":"adbaf9ad-0b23-46d2-b57e-ed4d04ee8e3b"}}
{"event":"graph.requeued","at":"2026-09-26T23:25:10.852630554Z","content":{"requeued":0}}
{"event":"proto.client.log_chunk","at":"2026-09-26T23:25:11.040212667Z","content":{"direction":"client","job_id":"build:01a0de7e-fe93-760a-9c19-09670caf8bbf","len":1011,"message":"LogChunk","worker_id":"adbaf9ad-0b23-46d2-b57e-ed4d04ee8e3b"}}
{"event":"proto.client.request_job","at":"2026-09-26T23:25:14.840262953Z","content":{"direction":"client","job_id":null,"len":null,"message":"RequestJob","worker_id":"adbaf9ad-0b23-46d2-b57e-ed4d04ee8e3b"}}
{"event":"proto.client.request_job","at":"2026-09-26T23:25:14.840481023Z","content":{"direction":"client","job_id":null,"len":null,"message":"RequestJob","worker_id":"adbaf9ad-0b23-46d2-b57e-ed4d04ee8e3b"}}
{"event":"proto.client.worker_metrics","at":"2026-09-26T23:25:15.049261401Z","content":{"direction":"client","job_id":null,"len":null,"message":"WorkerMetrics","worker_id":"adbaf9ad-0b23-46d2-b57e-ed4d04ee8e3b"}}
{"event":"proto.client.log_chunk","at":"2026-09-26T23:25:15.112935557Z","content":{"direction":"client","job_id":"build:01a0de7e-fe93-760a-9c19-09670caf8bbf","len":1461,"message":"LogChunk","worker_id":"adbaf9ad-0b23-46d2-b57e-ed4d04ee8e3b"}}
{"event":"graph.requeued","at":"2026-09-26T23:25:15.858777296Z","content":{"requeued":0}}
{"event":"worker.queue_depth","at":"2026-09-26T23:25:18.002444604Z","content":{"active":1,"pending":0,"workers":1}}
{"event":"graph.requeued","at":"2026-09-26T23:25:20.864836965Z","content":{"requeued":0}}
{"event":"proto.client.request_job","at":"2026-09-26T23:25:24.840549133Z","content":{"direction":"client","job_id":null,"len":null,"message":"RequestJob","worker_id":"adbaf9ad-0b23-46d2-b57e-ed4d04ee8e3b"}}
{"event":"proto.client.request_job","at":"2026-09-26T23:25:24.840701331Z","content":{"direction":"client","job_id":null,"len":null,"message":"RequestJob","worker_id":"adbaf9ad-0b23-46d2-b57e-ed4d04ee8e3b"}}
{"event":"proto.client.worker_metrics","at":"2026-09-26T23:25:25.049309793Z","content":{"direction":"client","job_id":null,"len":null,"message":"WorkerMetrics","worker_id":"adbaf9ad-0b23-46d2-b57e-ed4d04ee8e3b"}}
{"event":"graph.requeued","at":"2026-09-26T23:25:25.871221805Z","content":{"requeued":0}}
{"event":"graph.requeued","at":"2026-09-26T23:25:30.877373732Z","content":{"requeued":0}}
{"event":"worker.queue_depth","at":"2026-09-26T23:25:33.007155166Z","content":{"active":1,"pending":0,"workers":1}}
{"event":"proto.client.request_job","at":"2026-09-26T23:25:34.842528122Z","content":{"direction":"client","job_id":null,"len":null,"message":"RequestJob","worker_id":"adbaf9ad-0b23-46d2-b57e-ed4d04ee8e3b"}}
{"event":"proto.client.request_job","at":"2026-09-26T23:25:34.842685632Z","content":{"direction":"client","job_id":null,"len":null,"message":"RequestJob","worker_id":"adbaf9ad-0b23-46d2-b57e-ed4d04ee8e3b"}}
{"event":"proto.client.worker_metrics","at":"2026-09-26T23:25:35.050267710Z","content":{"direction":"client","job_id":null,"len":null,"message":"WorkerMetrics","worker_id":"adbaf9ad-0b23-46d2-b57e-ed4d04ee8e3b"}}
{"event":"graph.requeued","at":"2026-09-26T23:25:36.112700739Z","content":{"requeued":0}}
{"event":"evaluation.queued","at":"2026-09-26T23:25:36.685738373Z","content":{"created":true,"description":null,"evaluation_id":"01a0e009-d3e8-77fe-9179-1769547e1f00","evaluation_kind":null,"phase":"queued","project":null,"repository":"https://github.com/wavelens/gradient","status":0,"task":"019e8549-ef23-78d0-822e-829c90344384"}}
{"event":"proto.server.job_offer","at":"2026-09-26T23:25:38.035432898Z","content":{"direction":"server","job_id":null,"len":151,"message":"JobOffer","worker_id":"adbaf9ad-0b23-46d2-b57e-ed4d04ee8e3b"}}
{"event":"proto.client.request_job_chunk","at":"2026-09-26T23:25:38.074891404Z","content":{"direction":"client","job_id":null,"len":null,"message":"RequestJobChunk","worker_id":"adbaf9ad-0b23-46d2-b57e-ed4d04ee8e3b"}}
{"event":"proto.client.request_job","at":"2026-09-26T23:25:38.074941401Z","content":{"direction":"client","job_id":null,"len":null,"message":"RequestJob","worker_id":"adbaf9ad-0b23-46d2-b57e-ed4d04ee8e3b"}}
{"event":"proto.client.request_job","at":"2026-09-26T23:25:38.075036770Z","content":{"direction":"client","job_id":null,"len":null,"message":"RequestJob","worker_id":"adbaf9ad-0b23-46d2-b57e-ed4d04ee8e3b"}}
{"event":"worker.job_dispatched","at":"2026-09-26T23:25:38.097705624Z","content":{"build_id":null,"evaluation_id":"01a0e009-d3e8-77fe-9179-1769547e1f00","kind":0,"project":"019e8549-ee9e-7e00-91b7-10e691e5af0d","score":1381.199293291532,"worker_id":"adbaf9ad-0b23-46d2-b57e-ed4d04ee8e3b"}}
{"event":"proto.server.credential","at":"2026-09-26T23:25:38.134814735Z","content":{"direction":"server","job_id":null,"len":497,"message":"Credential","worker_id":"adbaf9ad-0b23-46d2-b57e-ed4d04ee8e3b"}}
{"event":"proto.server.assign_job","at":"2026-09-26T23:25:38.134851846Z","content":{"direction":"server","job_id":"eval:01a0e009-d3e8-77fe-9179-1769547e1f00","len":271,"message":"AssignJob","worker_id":"adbaf9ad-0b23-46d2-b57e-ed4d04ee8e3b"}}
{"event":"proto.client.assign_job_response","at":"2026-09-26T23:25:38.175199371Z","content":{"direction":"client","job_id":"eval:01a0e009-d3e8-77fe-9179-1769547e1f00","len":null,"message":"AssignJobResponse","worker_id":"adbaf9ad-0b23-46d2-b57e-ed4d04ee8e3b"}}
{"event":"proto.client.job_update","at":"2026-09-26T23:25:38.175296888Z","content":{"direction":"client","job_id":"eval:01a0e009-d3e8-77fe-9179-1769547e1f00","len":null,"message":"JobUpdate","worker_id":"adbaf9ad-0b23-46d2-b57e-ed4d04ee8e3b"}}
{"event":"evaluation.started","at":"2026-09-26T23:25:38.182206177Z","content":{"created":false,"description":null,"evaluation_id":"01a0e009-d3e8-77fe-9179-1769547e1f00","evaluation_kind":null,"phase":"started","project":null,"repository":null,"status":8,"task":"019e8549-ef23-78d0-822e-829c90344384"}}
{"event":"graph.requeued","at":"2026-09-26T23:25:41.117382801Z","content":{"requeued":0}}
{"event":"proto.client.cache_query","at":"2026-09-26T23:25:42.903299654Z","content":{"direction":"client","job_id":"eval:01a0e009-d3e8-77fe-9179-1769547e1f00","len":null,"message":"CacheQuery","worker_id":"adbaf9ad-0b23-46d2-b57e-ed4d04ee8e3b"}}
{"event":"proto.server.cache_status","at":"2026-09-26T23:25:42.908358617Z","content":{"direction":"server","job_id":null,"len":947,"message":"CacheStatus","worker_id":"adbaf9ad-0b23-46d2-b57e-ed4d04ee8e3b"}}
{"event":"proto.client.job_update","at":"2026-09-26T23:25:42.945764092Z","content":{"direction":"client","job_id":"eval:01a0e009-d3e8-77fe-9179-1769547e1f00","len":null,"message":"JobUpdate","worker_id":"adbaf9ad-0b23-46d2-b57e-ed4d04ee8e3b"}}
{"event":"proto.client.job_update","at":"2026-09-26T23:25:42.945796002Z","content":{"direction":"client","job_id":"eval:01a0e009-d3e8-77fe-9179-1769547e1f00","len":null,"message":"JobUpdate","worker_id":"adbaf9ad-0b23-46d2-b57e-ed4d04ee8e3b"}}
{"event":"proto.client.eval_cache_pull","at":"2026-09-26T23:25:42.947896101Z","content":{"direction":"client","job_id":"eval:01a0e009-d3e8-77fe-9179-1769547e1f00","len":null,"message":"EvalCachePull","worker_id":"adbaf9ad-0b23-46d2-b57e-ed4d04ee8e3b"}}
{"event":"proto.server.eval_cache_pull_result","at":"2026-09-26T23:25:42.948929824Z","content":{"direction":"server","job_id":"eval:01a0e009-d3e8-77fe-9179-1769547e1f00","len":127,"message":"EvalCachePullResult","worker_id":"adbaf9ad-0b23-46d2-b57e-ed4d04ee8e3b"}}
{"event":"evaluation.started","at":"2026-09-26T23:25:42.953049675Z","content":{"created":false,"description":null,"evaluation_id":"01a0e009-d3e8-77fe-9179-1769547e1f00","evaluation_kind":null,"phase":"started","project":null,"repository":null,"status":1,"task":"019e8549-ef23-78d0-822e-829c90344384"}}
{"event":"proto.client.job_update","at":"2026-09-26T23:25:42.986618178Z","content":{"direction":"client","job_id":"eval:01a0e009-d3e8-77fe-9179-1769547e1f00","len":null,"message":"JobUpdate","worker_id":"adbaf9ad-0b23-46d2-b57e-ed4d04ee8e3b"}}
{"event":"evaluation.started","at":"2026-09-26T23:25:42.990684665Z","content":{"created":false,"description":null,"evaluation_id":"01a0e009-d3e8-77fe-9179-1769547e1f00","evaluation_kind":null,"phase":"started","project":null,"repository":null,"status":2,"task":"019e8549-ef23-78d0-822e-829c90344384"}}
{"event":"proto.client.request_job","at":"2026-09-26T23:25:44.841099786Z","content":{"direction":"client","job_id":null,"len":null,"message":"RequestJob","worker_id":"adbaf9ad-0b23-46d2-b57e-ed4d04ee8e3b"}}
{"event":"proto.client.worker_metrics","at":"2026-09-26T23:25:45.050218814Z","content":{"direction":"client","job_id":null,"len":null,"message":"WorkerMetrics","worker_id":"adbaf9ad-0b23-46d2-b57e-ed4d04ee8e3b"}}
{"event":"graph.requeued","at":"2026-09-26T23:25:46.123524857Z","content":{"requeued":0}}
{"event":"worker.queue_depth","at":"2026-09-26T23:25:48.013954725Z","content":{"active":2,"pending":0,"workers":1}}
{"event":"graph.requeued","at":"2026-09-26T23:25:51.130001534Z","content":{"requeued":0}}
{"event":"proto.client.request_job","at":"2026-09-26T23:25:54.842073838Z","content":{"direction":"client","job_id":null,"len":null,"message":"RequestJob","worker_id":"adbaf9ad-0b23-46d2-b57e-ed4d04ee8e3b"}}
{"event":"proto.client.worker_metrics","at":"2026-09-26T23:25:55.049625709Z","content":{"direction":"client","job_id":null,"len":null,"message":"WorkerMetrics","worker_id":"adbaf9ad-0b23-46d2-b57e-ed4d04ee8e3b"}}
{"event":"graph.requeued","at":"2026-09-26T23:25:56.136496820Z","content":{"requeued":0}}
{"event":"graph.requeued","at":"2026-09-26T23:26:01.143170959Z","content":{"requeued":0}}
{"event":"worker.queue_depth","at":"2026-09-26T23:26:03.016409478Z","content":{"active":2,"pending":0,"workers":1}}
{"event":"proto.client.request_job","at":"2026-09-26T23:26:04.842371024Z","content":{"direction":"client","job_id":null,"len":null,"message":"RequestJob","worker_id":"adbaf9ad-0b23-46d2-b57e-ed4d04ee8e3b"}}
{"event":"proto.client.worker_metrics","at":"2026-09-26T23:26:05.050071387Z","content":{"direction":"client","job_id":null,"len":null,"message":"WorkerMetrics","worker_id":"adbaf9ad-0b23-46d2-b57e-ed4d04ee8e3b"}}
{"event":"graph.requeued","at":"2026-09-26T23:26:06.149093673Z","content":{"requeued":0}}
{"event":"proto.client.log_chunk","at":"2026-09-26T23:26:09.806590896Z","content":{"direction":"client","job_id":"build:01a0de7e-fe93-760a-9c19-09670caf8bbf","len":1429,"message":"LogChunk","worker_id":"adbaf9ad-0b23-46d2-b57e-ed4d04ee8e3b"}}
{"event":"graph.requeued","at":"2026-09-26T23:26:11.154072269Z","content":{"requeued":0}}
{"event":"proto.client.request_job","at":"2026-09-26T23:26:14.842471159Z","content":{"direction":"client","job_id":null,"len":null,"message":"RequestJob","worker_id":"adbaf9ad-0b23-46d2-b57e-ed4d04ee8e3b"}}
{"event":"proto.client.worker_metrics","at":"2026-09-26T23:26:15.050364928Z","content":{"direction":"client","job_id":null,"len":null,"message":"WorkerMetrics","worker_id":"adbaf9ad-0b23-46d2-b57e-ed4d04ee8e3b"}}
{"event":"graph.requeued","at":"2026-09-26T23:26:16.178836527Z","content":{"requeued":0}}
{"event":"worker.queue_depth","at":"2026-09-26T23:26:18.020719268Z","content":{"active":2,"pending":0,"workers":1}}
{"event":"graph.requeued","at":"2026-09-26T23:26:21.185632584Z","content":{"requeued":0}}
{"event":"proto.client.request_job","at":"2026-09-26T23:26:24.841714813Z","content":{"direction":"client","job_id":null,"len":null,"message":"RequestJob","worker_id":"adbaf9ad-0b23-46d2-b57e-ed4d04ee8e3b"}}
{"event":"proto.client.worker_metrics","at":"2026-09-26T23:26:25.049019125Z","content":{"direction":"client","job_id":null,"len":null,"message":"WorkerMetrics","worker_id":"adbaf9ad-0b23-46d2-b57e-ed4d04ee8e3b"}}
{"event":"graph.requeued","at":"2026-09-26T23:26:26.192642030Z","content":{"requeued":0}}
{"event":"graph.requeued","at":"2026-09-26T23:26:31.198152232Z","content":{"requeued":0}}
{"event":"worker.queue_depth","at":"2026-09-26T23:26:33.023863171Z","content":{"active":2,"pending":0,"workers":1}}
{"event":"proto.client.log_chunk","at":"2026-09-26T23:26:33.499719360Z","content":{"direction":"client","job_id":"build:01a0de7e-fe93-760a-9c19-09670caf8bbf","len":977,"message":"LogChunk","worker_id":"adbaf9ad-0b23-46d2-b57e-ed4d04ee8e3b"}}
{"event":"proto.client.request_job","at":"2026-09-26T23:26:34.842713015Z","content":{"direction":"client","job_id":null,"len":null,"message":"RequestJob","worker_id":"adbaf9ad-0b23-46d2-b57e-ed4d04ee8e3b"}}
{"event":"proto.client.worker_metrics","at":"2026-09-26T23:26:35.051030054Z","content":{"direction":"client","job_id":null,"len":null,"message":"WorkerMetrics","worker_id":"adbaf9ad-0b23-46d2-b57e-ed4d04ee8e3b"}}
{"event":"proto.client.log_chunk","at":"2026-09-26T23:26:36.062546413Z","content":{"direction":"client","job_id":"build:01a0de7e-fe93-760a-9c19-09670caf8bbf","len":981,"message":"LogChunk","worker_id":"adbaf9ad-0b23-46d2-b57e-ed4d04ee8e3b"}}
{"event":"graph.requeued","at":"2026-09-26T23:26:36.205127522Z","content":{"requeued":0}}
{"event":"proto.client.log_chunk","at":"2026-09-26T23:26:38.320334464Z","content":{"direction":"client","job_id":"build:01a0de7e-fe93-760a-9c19-09670caf8bbf","len":987,"message":"LogChunk","worker_id":"adbaf9ad-0b23-46d2-b57e-ed4d04ee8e3b"}}
{"event":"proto.client.log_chunk","at":"2026-09-26T23:26:39.661015266Z","content":{"direction":"client","job_id":"build:01a0de7e-fe93-760a-9c19-09670caf8bbf","len":995,"message":"LogChunk","worker_id":"adbaf9ad-0b23-46d2-b57e-ed4d04ee8e3b"}}
{"event":"graph.requeued","at":"2026-09-26T23:26:41.212423435Z","content":{"requeued":0}}
{"event":"proto.client.request_job","at":"2026-09-26T23:26:44.840589728Z","content":{"direction":"client","job_id":null,"len":null,"message":"RequestJob","worker_id":"adbaf9ad-0b23-46d2-b57e-ed4d04ee8e3b"}}
{"event":"proto.client.worker_metrics","at":"2026-09-26T23:26:45.049431059Z","content":{"direction":"client","job_id":null,"len":null,"message":"WorkerMetrics","worker_id":"adbaf9ad-0b23-46d2-b57e-ed4d04ee8e3b"}}
{"event":"graph.requeued","at":"2026-09-26T23:26:46.217703692Z","content":{"requeued":0}}
{"event":"proto.client.log_chunk","at":"2026-09-26T23:26:46.595730736Z","content":{"direction":"client","job_id":"build:01a0de7e-fe93-760a-9c19-09670caf8bbf","len":1445,"message":"LogChunk","worker_id":"adbaf9ad-0b23-46d2-b57e-ed4d04ee8e3b"}}
{"event":"worker.queue_depth","at":"2026-09-26T23:26:48.026968928Z","content":{"active":2,"pending":0,"workers":1}}
{"event":"proto.client.query_known_derivations","at":"2026-09-26T23:26:48.777004296Z","content":{"direction":"client","job_id":"eval:01a0e009-d3e8-77fe-9179-1769547e1f00","len":null,"message":"QueryKnownDerivations","worker_id":"adbaf9ad-0b23-46d2-b57e-ed4d04ee8e3b"}}
{"event":"proto.server.known_derivations","at":"2026-09-26T23:26:48.788767974Z","content":{"direction":"server","job_id":null,"len":2735,"message":"KnownDerivations","worker_id":"adbaf9ad-0b23-46d2-b57e-ed4d04ee8e3b"}}
{"event":"proto.client.cache_query","at":"2026-09-26T23:26:50.234470144Z","content":{"direction":"client","job_id":"eval:01a0e009-d3e8-77fe-9179-1769547e1f00","len":null,"message":"CacheQuery","worker_id":"adbaf9ad-0b23-46d2-b57e-ed4d04ee8e3b"}}
{"event":"proto.client.cache_query","at":"2026-09-26T23:26:50.235235989Z","content":{"direction":"client","job_id":"eval:01a0e009-d3e8-77fe-9179-1769547e1f00","len":null,"message":"CacheQuery","worker_id":"adbaf9ad-0b23-46d2-b57e-ed4d04ee8e3b"}}
{"event":"proto.client.cache_query","at":"2026-09-26T23:26:50.272575977Z","content":{"direction":"client","job_id":"eval:01a0e009-d3e8-77fe-9179-1769547e1f00","len":null,"message":"CacheQuery","worker_id":"adbaf9ad-0b23-46d2-b57e-ed4d04ee8e3b"}}
{"event":"proto.client.cache_query","at":"2026-09-26T23:26:50.273008662Z","content":{"direction":"client","job_id":"eval:01a0e009-d3e8-77fe-9179-1769547e1f00","len":null,"message":"CacheQuery","worker_id":"adbaf9ad-0b23-46d2-b57e-ed4d04ee8e3b"}}
{"event":"proto.server.cache_status","at":"2026-09-26T23:26:50.361707145Z","content":{"direction":"server","job_id":null,"len":185285,"message":"CacheStatus","worker_id":"adbaf9ad-0b23-46d2-b57e-ed4d04ee8e3b"}}
{"event":"proto.server.cache_status","at":"2026-09-26T23:26:50.363425640Z","content":{"direction":"server","job_id":null,"len":185575,"message":"CacheStatus","worker_id":"adbaf9ad-0b23-46d2-b57e-ed4d04ee8e3b"}}
{"event":"proto.server.cache_status","at":"2026-09-26T23:26:50.363481722Z","content":{"direction":"server","job_id":null,"len":185319,"message":"CacheStatus","worker_id":"adbaf9ad-0b23-46d2-b57e-ed4d04ee8e3b"}}
{"event":"proto.server.cache_status","at":"2026-09-26T23:26:50.363671316Z","content":{"direction":"server","job_id":null,"len":185352,"message":"CacheStatus","worker_id":"adbaf9ad-0b23-46d2-b57e-ed4d04ee8e3b"}}
{"event":"proto.client.cache_query","at":"2026-09-26T23:26:50.512243555Z","content":{"direction":"client","job_id":"eval:01a0e009-d3e8-77fe-9179-1769547e1f00","len":null,"message":"CacheQuery","worker_id":"adbaf9ad-0b23-46d2-b57e-ed4d04ee8e3b"}}
{"event":"proto.server.cache_status","at":"2026-09-26T23:26:50.571547191Z","content":{"direction":"server","job_id":null,"len":185432,"message":"CacheStatus","worker_id":"adbaf9ad-0b23-46d2-b57e-ed4d04ee8e3b"}}
{"event":"proto.client.cache_query","at":"2026-09-26T23:26:50.592109730Z","content":{"direction":"client","job_id":"eval:01a0e009-d3e8-77fe-9179-1769547e1f00","len":null,"message":"CacheQuery","worker_id":"adbaf9ad-0b23-46d2-b57e-ed4d04ee8e3b"}}
{"event":"proto.client.cache_query","at":"2026-09-26T23:26:50.593505955Z","content":{"direction":"client","job_id":"eval:01a0e009-d3e8-77fe-9179-1769547e1f00","len":null,"message":"CacheQuery","worker_id":"adbaf9ad-0b23-46d2-b57e-ed4d04ee8e3b"}}
{"event":"proto.client.cache_query","at":"2026-09-26T23:26:50.593908989Z","content":{"direction":"client","job_id":"eval:01a0e009-d3e8-77fe-9179-1769547e1f00","len":null,"message":"CacheQuery","worker_id":"adbaf9ad-0b23-46d2-b57e-ed4d04ee8e3b"}}
{"event":"proto.server.cache_status","at":"2026-09-26T23:26:50.619471654Z","content":{"direction":"server","job_id":null,"len":58471,"message":"CacheStatus","worker_id":"adbaf9ad-0b23-46d2-b57e-ed4d04ee8e3b"}}
{"event":"proto.server.cache_status","at":"2026-09-26T23:26:50.646322765Z","content":{"direction":"server","job_id":null,"len":185615,"message":"CacheStatus","worker_id":"adbaf9ad-0b23-46d2-b57e-ed4d04ee8e3b"}}
{"event":"proto.server.cache_status","at":"2026-09-26T23:26:50.648362813Z","content":{"direction":"server","job_id":null,"len":185753,"message":"CacheStatus","worker_id":"adbaf9ad-0b23-46d2-b57e-ed4d04ee8e3b"}}
{"event":"proto.client.job_update","at":"2026-09-26T23:26:50.698101973Z","content":{"direction":"client","job_id":"eval:01a0e009-d3e8-77fe-9179-1769547e1f00","len":null,"message":"JobUpdate","worker_id":"adbaf9ad-0b23-46d2-b57e-ed4d04ee8e3b"}}
{"event":"proto.client.job_update","at":"2026-09-26T23:26:50.698157833Z","content":{"direction":"client","job_id":"eval:01a0e009-d3e8-77fe-9179-1769547e1f00","len":null,"message":"JobUpdate","worker_id":"adbaf9ad-0b23-46d2-b57e-ed4d04ee8e3b"}}
{"event":"proto.client.eval_cache_push","at":"2026-09-26T23:26:50.698234459Z","content":{"direction":"client","job_id":"eval:01a0e009-d3e8-77fe-9179-1769547e1f00","len":null,"message":"EvalCachePush","worker_id":"adbaf9ad-0b23-46d2-b57e-ed4d04ee8e3b"}}
{"event":"proto.server.eval_cache_push_grant","at":"2026-09-26T23:26:50.700733310Z","content":{"direction":"server","job_id":"eval:01a0e009-d3e8-77fe-9179-1769547e1f00","len":194,"message":"EvalCachePushGrant","worker_id":"adbaf9ad-0b23-46d2-b57e-ed4d04ee8e3b"}}
{"event":"proto.client.eval_cache_chunk","at":"2026-09-26T23:26:50.738369796Z","content":{"direction":"client","job_id":"eval:01a0e009-d3e8-77fe-9179-1769547e1f00","len":12435,"message":"EvalCacheChunk","worker_id":"adbaf9ad-0b23-46d2-b57e-ed4d04ee8e3b"}}
{"event":"proto.client.request_job","at":"2026-09-26T23:26:50.787563393Z","content":{"direction":"client","job_id":null,"len":null,"message":"RequestJob","worker_id":"adbaf9ad-0b23-46d2-b57e-ed4d04ee8e3b"}}
{"event":"proto.client.job_completed","at":"2026-09-26T23:26:50.787675392Z","content":{"direction":"client","job_id":"eval:01a0e009-d3e8-77fe-9179-1769547e1f00","len":null,"message":"JobCompleted","worker_id":"adbaf9ad-0b23-46d2-b57e-ed4d04ee8e3b"}}
{"event":"build.completed","at":"2026-09-26T23:26:50.797625131Z","content":{"build_id":"01a0e00a-f965-7600-89a9-4cc7bfa39a57","derivation":"01a0d5ce-4a9d-7df2-9b2c-870ac45d5775","derivation_path":null,"evaluation_id":"01a0e009-d3e8-77fe-9179-1769547e1f00","evaluation_kind":null,"project":null,"status":3,"task":null}}
{"event":"build.completed","at":"2026-09-26T23:26:50.801549811Z","content":{"build_id":"01a0e00a-f965-7600-89a9-4cbbc42f169a","derivation":"01a0de65-5e4a-76c3-8e17-e94fa11fc2b7","derivation_path":null,"evaluation_id":"01a0e009-d3e8-77fe-9179-1769547e1f00","evaluation_kind":null,"project":null,"status":3,"task":null}}
{"event":"build.completed","at":"2026-09-26T23:26:50.805413986Z","content":{"build_id":"01a0e00a-f965-7600-89a9-4ccbf395df3b","derivation":"01a0de65-5e4a-76c3-8e17-e9502db9ece7","derivation_path":null,"evaluation_id":"01a0e009-d3e8-77fe-9179-1769547e1f00","evaluation_kind":null,"project":null,"status":3,"task":null}}
{"event":"build.completed","at":"2026-09-26T23:26:50.809180617Z","content":{"build_id":"01a0e00a-f965-7600-89a9-4cba8b8b2c54","derivation":"01a0de65-5e4a-76c3-8e17-e958085ba1dc","derivation_path":null,"evaluation_id":"01a0e009-d3e8-77fe-9179-1769547e1f00","evaluation_kind":null,"project":null,"status":3,"task":null}}
{"event":"build.completed","at":"2026-09-26T23:26:50.810506952Z","content":{"build_id":"01a0e00a-f965-7600-89a9-4cce62f87b3f","derivation":"01a0deed-16b8-7201-a57d-f13c3cc36b15","derivation_path":null,"evaluation_id":"01a0e009-d3e8-77fe-9179-1769547e1f00","evaluation_kind":null,"project":null,"status":3,"task":null}}
{"event":"build.completed","at":"2026-09-26T23:26:50.814385514Z","content":{"build_id":"01a0e00a-f965-7600-89a9-4cae74387cb7","derivation":"01a0dfda-869b-734a-b730-c5fb8311db24","derivation_path":null,"evaluation_id":"01a0e009-d3e8-77fe-9179-1769547e1f00","evaluation_kind":null,"project":null,"status":3,"task":null}}
{"event":"build.completed","at":"2026-09-26T23:26:50.818556357Z","content":{"build_id":"01a0e00a-f965-7600-89a9-4cd2f7ae8b25","derivation":"01a0dfda-869b-734a-b730-c5fc88635736","derivation_path":null,"evaluation_id":"01a0e009-d3e8-77fe-9179-1769547e1f00","evaluation_kind":null,"project":null,"status":3,"task":null}}
{"event":"build.completed","at":"2026-09-26T23:26:50.822187022Z","content":{"build_id":"01a0e00a-f965-7600-89a9-4cd17d2ff136","derivation":"01a0dfda-869b-734a-b730-c5fe93478506","derivation_path":null,"evaluation_id":"01a0e009-d3e8-77fe-9179-1769547e1f00","evaluation_kind":null,"project":null,"status":3,"task":null}}
{"event":"build.completed","at":"2026-09-26T23:26:50.826046038Z","content":{"build_id":"01a0e00a-f965-7600-89a9-4cd84ff15d77","derivation":"01a0dfda-869b-734a-b730-c5ff59a4b410","derivation_path":null,"evaluation_id":"01a0e009-d3e8-77fe-9179-1769547e1f00","evaluation_kind":null,"project":null,"status":3,"task":null}}
{"event":"build.completed","at":"2026-09-26T23:26:50.829982202Z","content":{"build_id":"01a0e00a-f965-7600-89a9-4cc4fcbf5b02","derivation":"01a0dfda-869b-734a-b730-c600b2ccea95","derivation_path":null,"evaluation_id":"01a0e009-d3e8-77fe-9179-1769547e1f00","evaluation_kind":null,"project":null,"status":3,"task":null}}
{"event":"build.completed","at":"2026-09-26T23:26:50.831314657Z","content":{"build_id":"01a0e00a-f965-7600-89a9-4cb02317c9ea","derivation":"01a0dfda-869b-734a-b730-c60177f601b5","derivation_path":null,"evaluation_id":"01a0e009-d3e8-77fe-9179-1769547e1f00","evaluation_kind":null,"project":null,"status":3,"task":null}}
{"event":"build.substituted","at":"2026-09-26T23:26:50.832866204Z","content":{"build_id":"01a0e00a-f965-7600-89a9-4cc8862e0422","derivation":"01a0dfda-869b-734a-b730-c604f47590c4","derivation_path":null,"evaluation_id":"01a0e009-d3e8-77fe-9179-1769547e1f00","evaluation_kind":null,"project":null,"status":7,"task":null}}
{"event":"evaluation.progress","at":"2026-09-26T23:26:50.833273562Z","content":{"evaluation_id":"01a0e009-d3e8-77fe-9179-1769547e1f00","task":"019e8549-ef23-78d0-822e-829c90344384"}}
{"event":"graph.ingested","at":"2026-09-26T23:26:50.833329934Z","content":{"entry_points":12,"evaluation_id":"01a0e009-d3e8-77fe-9179-1769547e1f00","skipped":false,"task":"019e8549-ef23-78d0-822e-829c90344384","walked":0}}
{"event":"evaluation.building","at":"2026-09-26T23:26:51.326775426Z","content":{"created":false,"description":null,"evaluation_id":"01a0e009-d3e8-77fe-9179-1769547e1f00","evaluation_kind":null,"phase":"building","project":null,"repository":null,"status":3,"task":"019e8549-ef23-78d0-822e-829c90344384"}}
{"event":"evaluation.completed","at":"2026-09-26T23:26:51.334208892Z","content":{"created":false,"description":null,"evaluation_id":"01a0e009-d3e8-77fe-9179-1769547e1f00","evaluation_kind":null,"phase":"completed","project":null,"repository":null,"status":5,"task":"019e8549-ef23-78d0-822e-829c90344384"}}
{"event":"graph.transitioned","at":"2026-09-26T23:26:51.339665756Z","content":{"aborted":0,"prioritized":0}}
{"event":"graph.requeued","at":"2026-09-26T23:26:51.343122021Z","content":{"requeued":0}}
{"event":"proto.client.request_job","at":"2026-09-26T23:26:54.842491403Z","content":{"direction":"client","job_id":null,"len":null,"message":"RequestJob","worker_id":"adbaf9ad-0b23-46d2-b57e-ed4d04ee8e3b"}}
{"event":"proto.client.request_job","at":"2026-09-26T23:26:54.842623551Z","content":{"direction":"client","job_id":null,"len":null,"message":"RequestJob","worker_id":"adbaf9ad-0b23-46d2-b57e-ed4d04ee8e3b"}}
{"event":"proto.client.worker_metrics","at":"2026-09-26T23:26:55.050006092Z","content":{"direction":"client","job_id":null,"len":null,"message":"WorkerMetrics","worker_id":"adbaf9ad-0b23-46d2-b57e-ed4d04ee8e3b"}}
{"event":"graph.requeued","at":"2026-09-26T23:26:56.351415250Z","content":{"requeued":0}}
{"event":"graph.requeued","at":"2026-09-26T23:27:01.370967292Z","content":{"requeued":0}}
{"event":"worker.queue_depth","at":"2026-09-26T23:27:03.038943857Z","content":{"active":1,"pending":0,"workers":1}}
{"event":"proto.client.request_job","at":"2026-09-26T23:27:04.842302995Z","content":{"direction":"client","job_id":null,"len":null,"message":"RequestJob","worker_id":"adbaf9ad-0b23-46d2-b57e-ed4d04ee8e3b"}}
{"event":"proto.client.request_job","at":"2026-09-26T23:27:04.842506813Z","content":{"direction":"client","job_id":null,"len":null,"message":"RequestJob","worker_id":"adbaf9ad-0b23-46d2-b57e-ed4d04ee8e3b"}}
{"event":"proto.client.worker_metrics","at":"2026-09-26T23:27:05.049432254Z","content":{"direction":"client","job_id":null,"len":null,"message":"WorkerMetrics","worker_id":"adbaf9ad-0b23-46d2-b57e-ed4d04ee8e3b"}}
{"event":"graph.requeued","at":"2026-09-26T23:27:06.383774083Z","content":{"requeued":0}}
{"event":"graph.requeued","at":"2026-09-26T23:27:11.398269285Z","content":{"requeued":0}}
{"event":"proto.client.request_job","at":"2026-09-26T23:27:14.841101337Z","content":{"direction":"client","job_id":null,"len":null,"message":"RequestJob","worker_id":"adbaf9ad-0b23-46d2-b57e-ed4d04ee8e3b"}}
{"event":"proto.client.request_job","at":"2026-09-26T23:27:14.841285518Z","content":{"direction":"client","job_id":null,"len":null,"message":"RequestJob","worker_id":"adbaf9ad-0b23-46d2-b57e-ed4d04ee8e3b"}}
{"event":"proto.client.worker_metrics","at":"2026-09-26T23:27:15.051369141Z","content":{"direction":"client","job_id":null,"len":null,"message":"WorkerMetrics","worker_id":"adbaf9ad-0b23-46d2-b57e-ed4d04ee8e3b"}}
{"event":"proto.client.log_chunk","at":"2026-09-26T23:27:15.371001524Z","content":{"direction":"client","job_id":"build:01a0de7e-fe93-760a-9c19-09670caf8bbf","len":973,"message":"LogChunk","worker_id":"adbaf9ad-0b23-46d2-b57e-ed4d04ee8e3b"}}
{"event":"graph.requeued","at":"2026-09-26T23:27:16.406639184Z","content":{"requeued":0}}
{"event":"proto.client.log_chunk","at":"2026-09-26T23:27:16.783895048Z","content":{"direction":"client","job_id":"build:01a0de7e-fe93-760a-9c19-09670caf8bbf","len":3374,"message":"LogChunk","worker_id":"adbaf9ad-0b23-46d2-b57e-ed4d04ee8e3b"}}
{"event":"proto.client.log_chunk","at":"2026-09-26T23:27:17.320100845Z","content":{"direction":"client","job_id":"build:01a0de7e-fe93-760a-9c19-09670caf8bbf","len":205,"message":"LogChunk","worker_id":"adbaf9ad-0b23-46d2-b57e-ed4d04ee8e3b"}}
{"event":"proto.client.log_chunk","at":"2026-09-26T23:27:17.322217404Z","content":{"direction":"client","job_id":"build:01a0de7e-fe93-760a-9c19-09670caf8bbf","len":234,"message":"LogChunk","worker_id":"adbaf9ad-0b23-46d2-b57e-ed4d04ee8e3b"}}
{"event":"proto.client.log_chunk","at":"2026-09-26T23:27:17.324003389Z","content":{"direction":"client","job_id":"build:01a0de7e-fe93-760a-9c19-09670caf8bbf","len":1066,"message":"LogChunk","worker_id":"adbaf9ad-0b23-46d2-b57e-ed4d04ee8e3b"}}
{"event":"proto.client.log_chunk","at":"2026-09-26T23:27:18.050842282Z","content":{"direction":"client","job_id":"build:01a0de7e-fe93-760a-9c19-09670caf8bbf","len":1536,"message":"LogChunk","worker_id":"adbaf9ad-0b23-46d2-b57e-ed4d04ee8e3b"}}
{"event":"worker.queue_depth","at":"2026-09-26T23:27:18.054632919Z","content":{"active":1,"pending":0,"workers":1}}
{"event":"graph.requeued","at":"2026-09-26T23:27:21.416847351Z","content":{"requeued":0}}
{"event":"proto.client.request_job","at":"2026-09-26T23:27:24.840881262Z","content":{"direction":"client","job_id":null,"len":null,"message":"RequestJob","worker_id":"adbaf9ad-0b23-46d2-b57e-ed4d04ee8e3b"}}
{"event":"proto.client.request_job","at":"2026-09-26T23:27:24.841074410Z","content":{"direction":"client","job_id":null,"len":null,"message":"RequestJob","worker_id":"adbaf9ad-0b23-46d2-b57e-ed4d04ee8e3b"}}
{"event":"proto.client.worker_metrics","at":"2026-09-26T23:27:25.050196818Z","content":{"direction":"client","job_id":null,"len":null,"message":"WorkerMetrics","worker_id":"adbaf9ad-0b23-46d2-b57e-ed4d04ee8e3b"}}
{"event":"graph.requeued","at":"2026-09-26T23:27:26.425148693Z","content":{"requeued":0}}
{"event":"graph.requeued","at":"2026-09-26T23:27:31.434286434Z","content":{"requeued":0}}
{"event":"worker.queue_depth","at":"2026-09-26T23:27:33.058833890Z","content":{"active":1,"pending":0,"workers":1}}
{"event":"proto.client.request_job","at":"2026-09-26T23:27:34.843499015Z","content":{"direction":"client","job_id":null,"len":null,"message":"RequestJob","worker_id":"adbaf9ad-0b23-46d2-b57e-ed4d04ee8e3b"}}
{"event":"proto.client.request_job","at":"2026-09-26T23:27:34.843640979Z","content":{"direction":"client","job_id":null,"len":null,"message":"RequestJob","worker_id":"adbaf9ad-0b23-46d2-b57e-ed4d04ee8e3b"}}
{"event":"proto.client.worker_metrics","at":"2026-09-26T23:27:35.049424456Z","content":{"direction":"client","job_id":null,"len":null,"message":"WorkerMetrics","worker_id":"adbaf9ad-0b23-46d2-b57e-ed4d04ee8e3b"}}
{"event":"graph.requeued","at":"2026-09-26T23:27:36.442626636Z","content":{"requeued":0}}
{"event":"graph.requeued","at":"2026-09-26T23:27:41.450588387Z","content":{"requeued":0}}
{"event":"proto.client.request_job","at":"2026-09-26T23:27:44.843258281Z","content":{"direction":"client","job_id":null,"len":null,"message":"RequestJob","worker_id":"adbaf9ad-0b23-46d2-b57e-ed4d04ee8e3b"}}
{"event":"proto.client.request_job","at":"2026-09-26T23:27:44.843419391Z","content":{"direction":"client","job_id":null,"len":null,"message":"RequestJob","worker_id":"adbaf9ad-0b23-46d2-b57e-ed4d04ee8e3b"}}
{"event":"proto.client.worker_metrics","at":"2026-09-26T23:27:45.049022803Z","content":{"direction":"client","job_id":null,"len":null,"message":"WorkerMetrics","worker_id":"adbaf9ad-0b23-46d2-b57e-ed4d04ee8e3b"}}
{"event":"graph.requeued","at":"2026-09-26T23:27:46.458110956Z","content":{"requeued":0}}
{"event":"worker.queue_depth","at":"2026-09-26T23:27:48.074152279Z","content":{"active":1,"pending":0,"workers":1}}
{"event":"graph.requeued","at":"2026-09-26T23:27:51.465930717Z","content":{"requeued":0}}
{"event":"proto.client.request_job","at":"2026-09-26T23:27:54.841986450Z","content":{"direction":"client","job_id":null,"len":null,"message":"RequestJob","worker_id":"adbaf9ad-0b23-46d2-b57e-ed4d04ee8e3b"}}
{"event":"proto.client.request_job","at":"2026-09-26T23:27:54.842113110Z","content":{"direction":"client","job_id":null,"len":null,"message":"RequestJob","worker_id":"adbaf9ad-0b23-46d2-b57e-ed4d04ee8e3b"}}
{"event":"proto.client.worker_metrics","at":"2026-09-26T23:27:55.049291354Z","content":{"direction":"client","job_id":null,"len":null,"message":"WorkerMetrics","worker_id":"adbaf9ad-0b23-46d2-b57e-ed4d04ee8e3b"}}
{"event":"graph.requeued","at":"2026-09-26T23:27:56.472895142Z","content":{"requeued":0}}
{"event":"graph.requeued","at":"2026-09-26T23:28:01.484617061Z","content":{"requeued":0}}
{"event":"worker.queue_depth","at":"2026-09-26T23:28:03.077813892Z","content":{"active":1,"pending":0,"workers":1}}
{"event":"proto.client.request_job","at":"2026-09-26T23:28:04.843213160Z","content":{"direction":"client","job_id":null,"len":null,"message":"RequestJob","worker_id":"adbaf9ad-0b23-46d2-b57e-ed4d04ee8e3b"}}
{"event":"proto.client.request_job","at":"2026-09-26T23:28:04.843346332Z","content":{"direction":"client","job_id":null,"len":null,"message":"RequestJob","worker_id":"adbaf9ad-0b23-46d2-b57e-ed4d04ee8e3b"}}
{"event":"proto.client.worker_metrics","at":"2026-09-26T23:28:05.049591900Z","content":{"direction":"client","job_id":null,"len":null,"message":"WorkerMetrics","worker_id":"adbaf9ad-0b23-46d2-b57e-ed4d04ee8e3b"}}
{"event":"graph.requeued","at":"2026-09-26T23:28:06.491862183Z","content":{"requeued":0}}
{"event":"graph.requeued","at":"2026-09-26T23:28:11.499415789Z","content":{"requeued":0}}
{"event":"proto.client.request_job","at":"2026-09-26T23:28:14.842877735Z","content":{"direction":"client","job_id":null,"len":null,"message":"RequestJob","worker_id":"adbaf9ad-0b23-46d2-b57e-ed4d04ee8e3b"}}
{"event":"proto.client.request_job","at":"2026-09-26T23:28:14.843106870Z","content":{"direction":"client","job_id":null,"len":null,"message":"RequestJob","worker_id":"adbaf9ad-0b23-46d2-b57e-ed4d04ee8e3b"}}
{"event":"proto.client.worker_metrics","at":"2026-09-26T23:28:15.050111767Z","content":{"direction":"client","job_id":null,"len":null,"message":"WorkerMetrics","worker_id":"adbaf9ad-0b23-46d2-b57e-ed4d04ee8e3b"}}
{"event":"graph.requeued","at":"2026-09-26T23:28:16.508149923Z","content":{"requeued":0}}
{"event":"worker.queue_depth","at":"2026-09-26T23:28:18.085854870Z","content":{"active":1,"pending":0,"workers":1}}
{"event":"graph.requeued","at":"2026-09-26T23:28:21.514760505Z","content":{"requeued":0}}
{"event":"proto.client.request_job","at":"2026-09-26T23:28:24.842531297Z","content":{"direction":"client","job_id":null,"len":null,"message":"RequestJob","worker_id":"adbaf9ad-0b23-46d2-b57e-ed4d04ee8e3b"}}
{"event":"proto.client.request_job","at":"2026-09-26T23:28:24.842672223Z","content":{"direction":"client","job_id":null,"len":null,"message":"RequestJob","worker_id":"adbaf9ad-0b23-46d2-b57e-ed4d04ee8e3b"}}
{"event":"proto.client.worker_metrics","at":"2026-09-26T23:28:25.052366286Z","content":{"direction":"client","job_id":null,"len":null,"message":"WorkerMetrics","worker_id":"adbaf9ad-0b23-46d2-b57e-ed4d04ee8e3b"}}
{"event":"graph.requeued","at":"2026-09-26T23:28:26.523269990Z","content":{"requeued":0}}
{"event":"graph.requeued","at":"2026-09-26T23:28:31.529594004Z","content":{"requeued":0}}
{"event":"worker.queue_depth","at":"2026-09-26T23:28:33.093420621Z","content":{"active":1,"pending":0,"workers":1}}
{"event":"proto.client.request_job","at":"2026-09-26T23:28:34.841437313Z","content":{"direction":"client","job_id":null,"len":null,"message":"RequestJob","worker_id":"adbaf9ad-0b23-46d2-b57e-ed4d04ee8e3b"}}
{"event":"proto.client.request_job","at":"2026-09-26T23:28:34.841605632Z","content":{"direction":"client","job_id":null,"len":null,"message":"RequestJob","worker_id":"adbaf9ad-0b23-46d2-b57e-ed4d04ee8e3b"}}
{"event":"proto.client.worker_metrics","at":"2026-09-26T23:28:35.050500180Z","content":{"direction":"client","job_id":null,"len":null,"message":"WorkerMetrics","worker_id":"adbaf9ad-0b23-46d2-b57e-ed4d04ee8e3b"}}
{"event":"graph.requeued","at":"2026-09-26T23:28:36.538316798Z","content":{"requeued":0}}
{"event":"graph.requeued","at":"2026-09-26T23:28:41.545946724Z","content":{"requeued":0}}
{"event":"proto.client.request_job","at":"2026-09-26T23:28:44.842248925Z","content":{"direction":"client","job_id":null,"len":null,"message":"RequestJob","worker_id":"adbaf9ad-0b23-46d2-b57e-ed4d04ee8e3b"}}
{"event":"proto.client.request_job","at":"2026-09-26T23:28:44.842418226Z","content":{"direction":"client","job_id":null,"len":null,"message":"RequestJob","worker_id":"adbaf9ad-0b23-46d2-b57e-ed4d04ee8e3b"}}
{"event":"proto.client.worker_metrics","at":"2026-09-26T23:28:45.049358133Z","content":{"direction":"client","job_id":null,"len":null,"message":"WorkerMetrics","worker_id":"adbaf9ad-0b23-46d2-b57e-ed4d04ee8e3b"}}
{"event":"graph.requeued","at":"2026-09-26T23:28:46.552485513Z","content":{"requeued":0}}
{"event":"proto.client.log_chunk","at":"2026-09-26T23:28:47.340518171Z","content":{"direction":"client","job_id":"build:01a0de7e-fe93-760a-9c19-09670caf8bbf","len":1058,"message":"LogChunk","worker_id":"adbaf9ad-0b23-46d2-b57e-ed4d04ee8e3b"}}
{"event":"worker.queue_depth","at":"2026-09-26T23:28:48.096751016Z","content":{"active":1,"pending":0,"workers":1}}
{"event":"proto.client.log_chunk","at":"2026-09-26T23:28:50.080220989Z","content":{"direction":"client","job_id":"build:01a0de7e-fe93-760a-9c19-09670caf8bbf","len":2840,"message":"LogChunk","worker_id":"adbaf9ad-0b23-46d2-b57e-ed4d04ee8e3b"}}
{"event":"proto.client.log_chunk","at":"2026-09-26T23:28:50.588441213Z","content":{"direction":"client","job_id":"build:01a0de7e-fe93-760a-9c19-09670caf8bbf","len":193,"message":"LogChunk","worker_id":"adbaf9ad-0b23-46d2-b57e-ed4d04ee8e3b"}}
{"event":"proto.client.log_chunk","at":"2026-09-26T23:28:50.590751843Z","content":{"direction":"client","job_id":"build:01a0de7e-fe93-760a-9c19-09670caf8bbf","len":164,"message":"LogChunk","worker_id":"adbaf9ad-0b23-46d2-b57e-ed4d04ee8e3b"}}
{"event":"proto.client.log_chunk","at":"2026-09-26T23:28:50.597182307Z","content":{"direction":"client","job_id":"build:01a0de7e-fe93-760a-9c19-09670caf8bbf","len":168,"message":"LogChunk","worker_id":"adbaf9ad-0b23-46d2-b57e-ed4d04ee8e3b"}}
{"event":"proto.client.log_chunk","at":"2026-09-26T23:28:50.604824269Z","content":{"direction":"client","job_id":"build:01a0de7e-fe93-760a-9c19-09670caf8bbf","len":188,"message":"LogChunk","worker_id":"adbaf9ad-0b23-46d2-b57e-ed4d04ee8e3b"}}
{"event":"proto.client.log_chunk","at":"2026-09-26T23:28:50.606635112Z","content":{"direction":"client","job_id":"build:01a0de7e-fe93-760a-9c19-09670caf8bbf","len":199,"message":"LogChunk","worker_id":"adbaf9ad-0b23-46d2-b57e-ed4d04ee8e3b"}}
{"event":"proto.client.log_chunk","at":"2026-09-26T23:28:50.608227528Z","content":{"direction":"client","job_id":"build:01a0de7e-fe93-760a-9c19-09670caf8bbf","len":210,"message":"LogChunk","worker_id":"adbaf9ad-0b23-46d2-b57e-ed4d04ee8e3b"}}
{"event":"proto.client.log_chunk","at":"2026-09-26T23:28:50.609922281Z","content":{"direction":"client","job_id":"build:01a0de7e-fe93-760a-9c19-09670caf8bbf","len":283,"message":"LogChunk","worker_id":"adbaf9ad-0b23-46d2-b57e-ed4d04ee8e3b"}}
{"event":"proto.client.log_chunk","at":"2026-09-26T23:28:50.611434820Z","content":{"direction":"client","job_id":"build:01a0de7e-fe93-760a-9c19-09670caf8bbf","len":280,"message":"LogChunk","worker_id":"adbaf9ad-0b23-46d2-b57e-ed4d04ee8e3b"}}
{"event":"proto.client.log_chunk","at":"2026-09-26T23:28:50.614740796Z","content":{"direction":"client","job_id":"build:01a0de7e-fe93-760a-9c19-09670caf8bbf","len":205,"message":"LogChunk","worker_id":"adbaf9ad-0b23-46d2-b57e-ed4d04ee8e3b"}}
{"event":"proto.client.log_chunk","at":"2026-09-26T23:28:50.616690377Z","content":{"direction":"client","job_id":"build:01a0de7e-fe93-760a-9c19-09670caf8bbf","len":273,"message":"LogChunk","worker_id":"adbaf9ad-0b23-46d2-b57e-ed4d04ee8e3b"}}
{"event":"proto.client.log_chunk","at":"2026-09-26T23:28:50.624370296Z","content":{"direction":"client","job_id":"build:01a0de7e-fe93-760a-9c19-09670caf8bbf","len":273,"message":"LogChunk","worker_id":"adbaf9ad-0b23-46d2-b57e-ed4d04ee8e3b"}}
{"event":"proto.client.log_chunk","at":"2026-09-26T23:28:50.625922789Z","content":{"direction":"client","job_id":"build:01a0de7e-fe93-760a-9c19-09670caf8bbf","len":208,"message":"LogChunk","worker_id":"adbaf9ad-0b23-46d2-b57e-ed4d04ee8e3b"}}
{"event":"proto.client.log_chunk","at":"2026-09-26T23:28:50.627499183Z","content":{"direction":"client","job_id":"build:01a0de7e-fe93-760a-9c19-09670caf8bbf","len":279,"message":"LogChunk","worker_id":"adbaf9ad-0b23-46d2-b57e-ed4d04ee8e3b"}}
{"event":"proto.client.log_chunk","at":"2026-09-26T23:28:50.629262602Z","content":{"direction":"client","job_id":"build:01a0de7e-fe93-760a-9c19-09670caf8bbf","len":276,"message":"LogChunk","worker_id":"adbaf9ad-0b23-46d2-b57e-ed4d04ee8e3b"}}
{"event":"proto.client.log_chunk","at":"2026-09-26T23:28:50.631043475Z","content":{"direction":"client","job_id":"build:01a0de7e-fe93-760a-9c19-09670caf8bbf","len":276,"message":"LogChunk","worker_id":"adbaf9ad-0b23-46d2-b57e-ed4d04ee8e3b"}}
{"event":"proto.client.log_chunk","at":"2026-09-26T23:28:50.632656524Z","content":{"direction":"client","job_id":"build:01a0de7e-fe93-760a-9c19-09670caf8bbf","len":275,"message":"LogChunk","worker_id":"adbaf9ad-0b23-46d2-b57e-ed4d04ee8e3b"}}
{"event":"proto.client.log_chunk","at":"2026-09-26T23:28:50.634183593Z","content":{"direction":"client","job_id":"build:01a0de7e-fe93-760a-9c19-09670caf8bbf","len":278,"message":"LogChunk","worker_id":"adbaf9ad-0b23-46d2-b57e-ed4d04ee8e3b"}}
{"event":"proto.client.log_chunk","at":"2026-09-26T23:28:50.635888725Z","content":{"direction":"client","job_id":"build:01a0de7e-fe93-760a-9c19-09670caf8bbf","len":282,"message":"LogChunk","worker_id":"adbaf9ad-0b23-46d2-b57e-ed4d04ee8e3b"}}
{"event":"proto.client.log_chunk","at":"2026-09-26T23:28:50.637566404Z","content":{"direction":"client","job_id":"build:01a0de7e-fe93-760a-9c19-09670caf8bbf","len":279,"message":"LogChunk","worker_id":"adbaf9ad-0b23-46d2-b57e-ed4d04ee8e3b"}}
{"event":"proto.client.log_chunk","at":"2026-09-26T23:28:50.639048679Z","content":{"direction":"client","job_id":"build:01a0de7e-fe93-760a-9c19-09670caf8bbf","len":279,"message":"LogChunk","worker_id":"adbaf9ad-0b23-46d2-b57e-ed4d04ee8e3b"}}
{"event":"proto.client.log_chunk","at":"2026-09-26T23:28:50.640518970Z","content":{"direction":"client","job_id":"build:01a0de7e-fe93-760a-9c19-09670caf8bbf","len":280,"message":"LogChunk","worker_id":"adbaf9ad-0b23-46d2-b57e-ed4d04ee8e3b"}}
{"event":"proto.client.log_chunk","at":"2026-09-26T23:28:50.642129772Z","content":{"direction":"client","job_id":"build:01a0de7e-fe93-760a-9c19-09670caf8bbf","len":285,"message":"LogChunk","worker_id":"adbaf9ad-0b23-46d2-b57e-ed4d04ee8e3b"}}
{"event":"proto.client.log_chunk","at":"2026-09-26T23:28:50.643499817Z","content":{"direction":"client","job_id":"build:01a0de7e-fe93-760a-9c19-09670caf8bbf","len":278,"message":"LogChunk","worker_id":"adbaf9ad-0b23-46d2-b57e-ed4d04ee8e3b"}}
{"event":"proto.client.log_chunk","at":"2026-09-26T23:28:50.644770825Z","content":{"direction":"client","job_id":"build:01a0de7e-fe93-760a-9c19-09670caf8bbf","len":282,"message":"LogChunk","worker_id":"adbaf9ad-0b23-46d2-b57e-ed4d04ee8e3b"}}
{"event":"proto.client.log_chunk","at":"2026-09-26T23:28:50.646829059Z","content":{"direction":"client","job_id":"build:01a0de7e-fe93-760a-9c19-09670caf8bbf","len":276,"message":"LogChunk","worker_id":"adbaf9ad-0b23-46d2-b57e-ed4d04ee8e3b"}}
{"event":"proto.client.log_chunk","at":"2026-09-26T23:28:50.648307490Z","content":{"direction":"client","job_id":"build:01a0de7e-fe93-760a-9c19-09670caf8bbf","len":280,"message":"LogChunk","worker_id":"adbaf9ad-0b23-46d2-b57e-ed4d04ee8e3b"}}
{"event":"proto.client.log_chunk","at":"2026-09-26T23:28:50.649847711Z","content":{"direction":"client","job_id":"build:01a0de7e-fe93-760a-9c19-09670caf8bbf","len":279,"message":"LogChunk","worker_id":"adbaf9ad-0b23-46d2-b57e-ed4d04ee8e3b"}}
{"event":"proto.client.log_chunk","at":"2026-09-26T23:28:50.651309888Z","content":{"direction":"client","job_id":"build:01a0de7e-fe93-760a-9c19-09670caf8bbf","len":276,"message":"LogChunk","worker_id":"adbaf9ad-0b23-46d2-b57e-ed4d04ee8e3b"}}
{"event":"proto.client.log_chunk","at":"2026-09-26T23:28:50.652834411Z","content":{"direction":"client","job_id":"build:01a0de7e-fe93-760a-9c19-09670caf8bbf","len":285,"message":"LogChunk","worker_id":"adbaf9ad-0b23-46d2-b57e-ed4d04ee8e3b"}}
{"event":"proto.client.log_chunk","at":"2026-09-26T23:28:50.654311705Z","content":{"direction":"client","job_id":"build:01a0de7e-fe93-760a-9c19-09670caf8bbf","len":278,"message":"LogChunk","worker_id":"adbaf9ad-0b23-46d2-b57e-ed4d04ee8e3b"}}
{"event":"proto.client.log_chunk","at":"2026-09-26T23:28:50.655784122Z","content":{"direction":"client","job_id":"build:01a0de7e-fe93-760a-9c19-09670caf8bbf","len":289,"message":"LogChunk","worker_id":"adbaf9ad-0b23-46d2-b57e-ed4d04ee8e3b"}}
{"event":"proto.client.log_chunk","at":"2026-09-26T23:28:50.657201582Z","content":{"direction":"client","job_id":"build:01a0de7e-fe93-760a-9c19-09670caf8bbf","len":279,"message":"LogChunk","worker_id":"adbaf9ad-0b23-46d2-b57e-ed4d04ee8e3b"}}
{"event":"proto.client.log_chunk","at":"2026-09-26T23:28:50.658737199Z","content":{"direction":"client","job_id":"build:01a0de7e-fe93-760a-9c19-09670caf8bbf","len":279,"message":"LogChunk","worker_id":"adbaf9ad-0b23-46d2-b57e-ed4d04ee8e3b"}}
{"event":"proto.client.log_chunk","at":"2026-09-26T23:28:50.660267910Z","content":{"direction":"client","job_id":"build:01a0de7e-fe93-760a-9c19-09670caf8bbf","len":278,"message":"LogChunk","worker_id":"adbaf9ad-0b23-46d2-b57e-ed4d04ee8e3b"}}
{"event":"proto.client.log_chunk","at":"2026-09-26T23:28:50.661771781Z","content":{"direction":"client","job_id":"build:01a0de7e-fe93-760a-9c19-09670caf8bbf","len":290,"message":"LogChunk","worker_id":"adbaf9ad-0b23-46d2-b57e-ed4d04ee8e3b"}}
{"event":"proto.client.log_chunk","at":"2026-09-26T23:28:50.663260425Z","content":{"direction":"client","job_id":"build:01a0de7e-fe93-760a-9c19-09670caf8bbf","len":210,"message":"LogChunk","worker_id":"adbaf9ad-0b23-46d2-b57e-ed4d04ee8e3b"}}
{"event":"proto.client.log_chunk","at":"2026-09-26T23:28:50.664627537Z","content":{"direction":"client","job_id":"build:01a0de7e-fe93-760a-9c19-09670caf8bbf","len":286,"message":"LogChunk","worker_id":"adbaf9ad-0b23-46d2-b57e-ed4d04ee8e3b"}}
{"event":"proto.client.log_chunk","at":"2026-09-26T23:28:50.665960516Z","content":{"direction":"client","job_id":"build:01a0de7e-fe93-760a-9c19-09670caf8bbf","len":283,"message":"LogChunk","worker_id":"adbaf9ad-0b23-46d2-b57e-ed4d04ee8e3b"}}
{"event":"proto.client.log_chunk","at":"2026-09-26T23:28:50.667356332Z","content":{"direction":"client","job_id":"build:01a0de7e-fe93-760a-9c19-09670caf8bbf","len":289,"message":"LogChunk","worker_id":"adbaf9ad-0b23-46d2-b57e-ed4d04ee8e3b"}}
{"event":"proto.client.log_chunk","at":"2026-09-26T23:28:50.668847851Z","content":{"direction":"client","job_id":"build:01a0de7e-fe93-760a-9c19-09670caf8bbf","len":209,"message":"LogChunk","worker_id":"adbaf9ad-0b23-46d2-b57e-ed4d04ee8e3b"}}
{"event":"proto.client.log_chunk","at":"2026-09-26T23:28:50.670169074Z","content":{"direction":"client","job_id":"build:01a0de7e-fe93-760a-9c19-09670caf8bbf","len":281,"message":"LogChunk","worker_id":"adbaf9ad-0b23-46d2-b57e-ed4d04ee8e3b"}}
{"event":"proto.client.log_chunk","at":"2026-09-26T23:28:50.671814442Z","content":{"direction":"client","job_id":"build:01a0de7e-fe93-760a-9c19-09670caf8bbf","len":285,"message":"LogChunk","worker_id":"adbaf9ad-0b23-46d2-b57e-ed4d04ee8e3b"}}
{"event":"proto.client.log_chunk","at":"2026-09-26T23:28:50.673223656Z","content":{"direction":"client","job_id":"build:01a0de7e-fe93-760a-9c19-09670caf8bbf","len":210,"message":"LogChunk","worker_id":"adbaf9ad-0b23-46d2-b57e-ed4d04ee8e3b"}}
{"event":"proto.client.log_chunk","at":"2026-09-26T23:28:50.674567115Z","content":{"direction":"client","job_id":"build:01a0de7e-fe93-760a-9c19-09670caf8bbf","len":280,"message":"LogChunk","worker_id":"adbaf9ad-0b23-46d2-b57e-ed4d04ee8e3b"}}
{"event":"proto.client.log_chunk","at":"2026-09-26T23:28:50.676068341Z","content":{"direction":"client","job_id":"build:01a0de7e-fe93-760a-9c19-09670caf8bbf","len":283,"message":"LogChunk","worker_id":"adbaf9ad-0b23-46d2-b57e-ed4d04ee8e3b"}}
{"event":"proto.client.log_chunk","at":"2026-09-26T23:28:50.677347100Z","content":{"direction":"client","job_id":"build:01a0de7e-fe93-760a-9c19-09670caf8bbf","len":206,"message":"LogChunk","worker_id":"adbaf9ad-0b23-46d2-b57e-ed4d04ee8e3b"}}
{"event":"proto.client.log_chunk","at":"2026-09-26T23:28:50.678791144Z","content":{"direction":"client","job_id":"build:01a0de7e-fe93-760a-9c19-09670caf8bbf","len":276,"message":"LogChunk","worker_id":"adbaf9ad-0b23-46d2-b57e-ed4d04ee8e3b"}}
{"event":"proto.client.log_chunk","at":"2026-09-26T23:28:50.680108198Z","content":{"direction":"client","job_id":"build:01a0de7e-fe93-760a-9c19-09670caf8bbf","len":275,"message":"LogChunk","worker_id":"adbaf9ad-0b23-46d2-b57e-ed4d04ee8e3b"}}
{"event":"proto.client.log_chunk","at":"2026-09-26T23:28:50.681555060Z","content":{"direction":"client","job_id":"build:01a0de7e-fe93-760a-9c19-09670caf8bbf","len":271,"message":"LogChunk","worker_id":"adbaf9ad-0b23-46d2-b57e-ed4d04ee8e3b"}}
{"event":"proto.client.log_chunk","at":"2026-09-26T23:28:50.682913813Z","content":{"direction":"client","job_id":"build:01a0de7e-fe93-760a-9c19-09670caf8bbf","len":215,"message":"LogChunk","worker_id":"adbaf9ad-0b23-46d2-b57e-ed4d04ee8e3b"}}
{"event":"proto.client.log_chunk","at":"2026-09-26T23:28:50.684182461Z","content":{"direction":"client","job_id":"build:01a0de7e-fe93-760a-9c19-09670caf8bbf","len":290,"message":"LogChunk","worker_id":"adbaf9ad-0b23-46d2-b57e-ed4d04ee8e3b"}}
{"event":"proto.client.log_chunk","at":"2026-09-26T23:28:50.685591908Z","content":{"direction":"client","job_id":"build:01a0de7e-fe93-760a-9c19-09670caf8bbf","len":295,"message":"LogChunk","worker_id":"adbaf9ad-0b23-46d2-b57e-ed4d04ee8e3b"}}
{"event":"proto.client.log_chunk","at":"2026-09-26T23:28:50.687100412Z","content":{"direction":"client","job_id":"build:01a0de7e-fe93-760a-9c19-09670caf8bbf","len":300,"message":"LogChunk","worker_id":"adbaf9ad-0b23-46d2-b57e-ed4d04ee8e3b"}}
{"event":"proto.client.log_chunk","at":"2026-09-26T23:28:50.688475333Z","content":{"direction":"client","job_id":"build:01a0de7e-fe93-760a-9c19-09670caf8bbf","len":293,"message":"LogChunk","worker_id":"adbaf9ad-0b23-46d2-b57e-ed4d04ee8e3b"}}
{"event":"proto.client.log_chunk","at":"2026-09-26T23:28:50.689857970Z","content":{"direction":"client","job_id":"build:01a0de7e-fe93-760a-9c19-09670caf8bbf","len":221,"message":"LogChunk","worker_id":"adbaf9ad-0b23-46d2-b57e-ed4d04ee8e3b"}}
{"event":"proto.client.log_chunk","at":"2026-09-26T23:28:50.691089311Z","content":{"direction":"client","job_id":"build:01a0de7e-fe93-760a-9c19-09670caf8bbf","len":305,"message":"LogChunk","worker_id":"adbaf9ad-0b23-46d2-b57e-ed4d04ee8e3b"}}
{"event":"proto.client.log_chunk","at":"2026-09-26T23:28:50.692494220Z","content":{"direction":"client","job_id":"build:01a0de7e-fe93-760a-9c19-09670caf8bbf","len":315,"message":"LogChunk","worker_id":"adbaf9ad-0b23-46d2-b57e-ed4d04ee8e3b"}}
{"event":"proto.client.log_chunk","at":"2026-09-26T23:28:50.693733215Z","content":{"direction":"client","job_id":"build:01a0de7e-fe93-760a-9c19-09670caf8bbf","len":311,"message":"LogChunk","worker_id":"adbaf9ad-0b23-46d2-b57e-ed4d04ee8e3b"}}
{"event":"proto.client.log_chunk","at":"2026-09-26T23:28:50.695134100Z","content":{"direction":"client","job_id":"build:01a0de7e-fe93-760a-9c19-09670caf8bbf","len":212,"message":"LogChunk","worker_id":"adbaf9ad-0b23-46d2-b57e-ed4d04ee8e3b"}}
{"event":"proto.client.log_chunk","at":"2026-09-26T23:28:50.696518787Z","content":{"direction":"client","job_id":"build:01a0de7e-fe93-760a-9c19-09670caf8bbf","len":288,"message":"LogChunk","worker_id":"adbaf9ad-0b23-46d2-b57e-ed4d04ee8e3b"}}
{"event":"proto.client.log_chunk","at":"2026-09-26T23:28:50.697873166Z","content":{"direction":"client","job_id":"build:01a0de7e-fe93-760a-9c19-09670caf8bbf","len":289,"message":"LogChunk","worker_id":"adbaf9ad-0b23-46d2-b57e-ed4d04ee8e3b"}}
{"event":"proto.client.log_chunk","at":"2026-09-26T23:28:50.699199852Z","content":{"direction":"client","job_id":"build:01a0de7e-fe93-760a-9c19-09670caf8bbf","len":287,"message":"LogChunk","worker_id":"adbaf9ad-0b23-46d2-b57e-ed4d04ee8e3b"}}
{"event":"proto.client.log_chunk","at":"2026-09-26T23:28:50.700571228Z","content":{"direction":"client","job_id":"build:01a0de7e-fe93-760a-9c19-09670caf8bbf","len":276,"message":"LogChunk","worker_id":"adbaf9ad-0b23-46d2-b57e-ed4d04ee8e3b"}}
{"event":"proto.client.log_chunk","at":"2026-09-26T23:28:50.702036242Z","content":{"direction":"client","job_id":"build:01a0de7e-fe93-760a-9c19-09670caf8bbf","len":277,"message":"LogChunk","worker_id":"adbaf9ad-0b23-46d2-b57e-ed4d04ee8e3b"}}
{"event":"proto.client.log_chunk","at":"2026-09-26T23:28:50.703353579Z","content":{"direction":"client","job_id":"build:01a0de7e-fe93-760a-9c19-09670caf8bbf","len":275,"message":"LogChunk","worker_id":"adbaf9ad-0b23-46d2-b57e-ed4d04ee8e3b"}}
{"event":"proto.client.log_chunk","at":"2026-09-26T23:28:50.704720913Z","content":{"direction":"client","job_id":"build:01a0de7e-fe93-760a-9c19-09670caf8bbf","len":275,"message":"LogChunk","worker_id":"adbaf9ad-0b23-46d2-b57e-ed4d04ee8e3b"}}
{"event":"proto.client.log_chunk","at":"2026-09-26T23:28:50.706001702Z","content":{"direction":"client","job_id":"build:01a0de7e-fe93-760a-9c19-09670caf8bbf","len":274,"message":"LogChunk","worker_id":"adbaf9ad-0b23-46d2-b57e-ed4d04ee8e3b"}}
{"event":"proto.client.log_chunk","at":"2026-09-26T23:28:50.707527188Z","content":{"direction":"client","job_id":"build:01a0de7e-fe93-760a-9c19-09670caf8bbf","len":214,"message":"LogChunk","worker_id":"adbaf9ad-0b23-46d2-b57e-ed4d04ee8e3b"}}
{"event":"proto.client.log_chunk","at":"2026-09-26T23:28:50.708825597Z","content":{"direction":"client","job_id":"build:01a0de7e-fe93-760a-9c19-09670caf8bbf","len":295,"message":"LogChunk","worker_id":"adbaf9ad-0b23-46d2-b57e-ed4d04ee8e3b"}}
{"event":"proto.client.log_chunk","at":"2026-09-26T23:28:50.710103776Z","content":{"direction":"client","job_id":"build:01a0de7e-fe93-760a-9c19-09670caf8bbf","len":300,"message":"LogChunk","worker_id":"adbaf9ad-0b23-46d2-b57e-ed4d04ee8e3b"}}
{"event":"proto.client.log_chunk","at":"2026-09-26T23:28:50.711522170Z","content":{"direction":"client","job_id":"build:01a0de7e-fe93-760a-9c19-09670caf8bbf","len":291,"message":"LogChunk","worker_id":"adbaf9ad-0b23-46d2-b57e-ed4d04ee8e3b"}}
{"event":"proto.client.log_chunk","at":"2026-09-26T23:28:50.712959500Z","content":{"direction":"client","job_id":"build:01a0de7e-fe93-760a-9c19-09670caf8bbf","len":278,"message":"LogChunk","worker_id":"adbaf9ad-0b23-46d2-b57e-ed4d04ee8e3b"}}
{"event":"proto.client.log_chunk","at":"2026-09-26T23:28:50.714296557Z","content":{"direction":"client","job_id":"build:01a0de7e-fe93-760a-9c19-09670caf8bbf","len":279,"message":"LogChunk","worker_id":"adbaf9ad-0b23-46d2-b57e-ed4d04ee8e3b"}}
{"event":"proto.client.log_chunk","at":"2026-09-26T23:28:50.715660230Z","content":{"direction":"client","job_id":"build:01a0de7e-fe93-760a-9c19-09670caf8bbf","len":277,"message":"LogChunk","worker_id":"adbaf9ad-0b23-46d2-b57e-ed4d04ee8e3b"}}
{"event":"proto.client.log_chunk","at":"2026-09-26T23:28:50.717202051Z","content":{"direction":"client","job_id":"build:01a0de7e-fe93-760a-9c19-09670caf8bbf","len":260,"message":"LogChunk","worker_id":"adbaf9ad-0b23-46d2-b57e-ed4d04ee8e3b"}}
{"event":"proto.client.log_chunk","at":"2026-09-26T23:28:50.718584624Z","content":{"direction":"client","job_id":"build:01a0de7e-fe93-760a-9c19-09670caf8bbf","len":203,"message":"LogChunk","worker_id":"adbaf9ad-0b23-46d2-b57e-ed4d04ee8e3b"}}
{"event":"proto.client.log_chunk","at":"2026-09-26T23:28:50.719793294Z","content":{"direction":"client","job_id":"build:01a0de7e-fe93-760a-9c19-09670caf8bbf","len":277,"message":"LogChunk","worker_id":"adbaf9ad-0b23-46d2-b57e-ed4d04ee8e3b"}}
{"event":"proto.client.log_chunk","at":"2026-09-26T23:28:50.721056801Z","content":{"direction":"client","job_id":"build:01a0de7e-fe93-760a-9c19-09670caf8bbf","len":269,"message":"LogChunk","worker_id":"adbaf9ad-0b23-46d2-b57e-ed4d04ee8e3b"}}
{"event":"proto.client.log_chunk","at":"2026-09-26T23:28:50.722213243Z","content":{"direction":"client","job_id":"build:01a0de7e-fe93-760a-9c19-09670caf8bbf","len":286,"message":"LogChunk","worker_id":"adbaf9ad-0b23-46d2-b57e-ed4d04ee8e3b"}}
{"event":"proto.client.log_chunk","at":"2026-09-26T23:28:50.723436936Z","content":{"direction":"client","job_id":"build:01a0de7e-fe93-760a-9c19-09670caf8bbf","len":279,"message":"LogChunk","worker_id":"adbaf9ad-0b23-46d2-b57e-ed4d04ee8e3b"}}
{"event":"proto.client.log_chunk","at":"2026-09-26T23:28:50.724735236Z","content":{"direction":"client","job_id":"build:01a0de7e-fe93-760a-9c19-09670caf8bbf","len":209,"message":"LogChunk","worker_id":"adbaf9ad-0b23-46d2-b57e-ed4d04ee8e3b"}}
{"event":"proto.client.log_chunk","at":"2026-09-26T23:28:50.725994947Z","content":{"direction":"client","job_id":"build:01a0de7e-fe93-760a-9c19-09670caf8bbf","len":286,"message":"LogChunk","worker_id":"adbaf9ad-0b23-46d2-b57e-ed4d04ee8e3b"}}
{"event":"proto.client.log_chunk","at":"2026-09-26T23:28:50.727288472Z","content":{"direction":"client","job_id":"build:01a0de7e-fe93-760a-9c19-09670caf8bbf","len":219,"message":"LogChunk","worker_id":"adbaf9ad-0b23-46d2-b57e-ed4d04ee8e3b"}}
{"event":"proto.client.log_chunk","at":"2026-09-26T23:28:50.728749370Z","content":{"direction":"client","job_id":"build:01a0de7e-fe93-760a-9c19-09670caf8bbf","len":301,"message":"LogChunk","worker_id":"adbaf9ad-0b23-46d2-b57e-ed4d04ee8e3b"}}
{"event":"proto.client.log_chunk","at":"2026-09-26T23:28:50.730035875Z","content":{"direction":"client","job_id":"build:01a0de7e-fe93-760a-9c19-09670caf8bbf","len":297,"message":"LogChunk","worker_id":"adbaf9ad-0b23-46d2-b57e-ed4d04ee8e3b"}}
{"event":"proto.client.log_chunk","at":"2026-09-26T23:28:50.731485623Z","content":{"direction":"client","job_id":"build:01a0de7e-fe93-760a-9c19-09670caf8bbf","len":298,"message":"LogChunk","worker_id":"adbaf9ad-0b23-46d2-b57e-ed4d04ee8e3b"}}
{"event":"proto.client.log_chunk","at":"2026-09-26T23:28:50.732741078Z","content":{"direction":"client","job_id":"build:01a0de7e-fe93-760a-9c19-09670caf8bbf","len":300,"message":"LogChunk","worker_id":"adbaf9ad-0b23-46d2-b57e-ed4d04ee8e3b"}}
{"event":"proto.client.log_chunk","at":"2026-09-26T23:28:50.734031332Z","content":{"direction":"client","job_id":"build:01a0de7e-fe93-760a-9c19-09670caf8bbf","len":300,"message":"LogChunk","worker_id":"adbaf9ad-0b23-46d2-b57e-ed4d04ee8e3b"}}
{"event":"proto.client.log_chunk","at":"2026-09-26T23:28:50.735385967Z","content":{"direction":"client","job_id":"build:01a0de7e-fe93-760a-9c19-09670caf8bbf","len":214,"message":"LogChunk","worker_id":"adbaf9ad-0b23-46d2-b57e-ed4d04ee8e3b"}}
{"event":"proto.client.log_chunk","at":"2026-09-26T23:28:50.736714454Z","content":{"direction":"client","job_id":"build:01a0de7e-fe93-760a-9c19-09670caf8bbf","len":288,"message":"LogChunk","worker_id":"adbaf9ad-0b23-46d2-b57e-ed4d04ee8e3b"}}
{"event":"proto.client.log_chunk","at":"2026-09-26T23:28:50.738060173Z","content":{"direction":"client","job_id":"build:01a0de7e-fe93-760a-9c19-09670caf8bbf","len":287,"message":"LogChunk","worker_id":"adbaf9ad-0b23-46d2-b57e-ed4d04ee8e3b"}}
{"event":"proto.client.log_chunk","at":"2026-09-26T23:28:50.739424415Z","content":{"direction":"client","job_id":"build:01a0de7e-fe93-760a-9c19-09670caf8bbf","len":292,"message":"LogChunk","worker_id":"adbaf9ad-0b23-46d2-b57e-ed4d04ee8e3b"}}
{"event":"proto.client.log_chunk","at":"2026-09-26T23:28:50.740872171Z","content":{"direction":"client","job_id":"build:01a0de7e-fe93-760a-9c19-09670caf8bbf","len":291,"message":"LogChunk","worker_id":"adbaf9ad-0b23-46d2-b57e-ed4d04ee8e3b"}}
{"event":"proto.client.log_chunk","at":"2026-09-26T23:28:50.742177149Z","content":{"direction":"client","job_id":"build:01a0de7e-fe93-760a-9c19-09670caf8bbf","len":281,"message":"LogChunk","worker_id":"adbaf9ad-0b23-46d2-b57e-ed4d04ee8e3b"}}
{"event":"proto.client.log_chunk","at":"2026-09-26T23:28:50.743371771Z","content":{"direction":"client","job_id":"build:01a0de7e-fe93-760a-9c19-09670caf8bbf","len":288,"message":"LogChunk","worker_id":"adbaf9ad-0b23-46d2-b57e-ed4d04ee8e3b"}}
{"event":"proto.client.log_chunk","at":"2026-09-26T23:28:50.744789290Z","content":{"direction":"client","job_id":"build:01a0de7e-fe93-760a-9c19-09670caf8bbf","len":264,"message":"LogChunk","worker_id":"adbaf9ad-0b23-46d2-b57e-ed4d04ee8e3b"}}
{"event":"proto.client.log_chunk","at":"2026-09-26T23:28:50.746093792Z","content":{"direction":"client","job_id":"build:01a0de7e-fe93-760a-9c19-09670caf8bbf","len":210,"message":"LogChunk","worker_id":"adbaf9ad-0b23-46d2-b57e-ed4d04ee8e3b"}}
{"event":"proto.client.log_chunk","at":"2026-09-26T23:28:50.747345024Z","content":{"direction":"client","job_id":"build:01a0de7e-fe93-760a-9c19-09670caf8bbf","len":285,"message":"LogChunk","worker_id":"adbaf9ad-0b23-46d2-b57e-ed4d04ee8e3b"}}
{"event":"proto.client.log_chunk","at":"2026-09-26T23:28:50.748589241Z","content":{"direction":"client","job_id":"build:01a0de7e-fe93-760a-9c19-09670caf8bbf","len":283,"message":"LogChunk","worker_id":"adbaf9ad-0b23-46d2-b57e-ed4d04ee8e3b"}}
{"event":"proto.client.log_chunk","at":"2026-09-26T23:28:50.749841913Z","content":{"direction":"client","job_id":"build:01a0de7e-fe93-760a-9c19-09670caf8bbf","len":284,"message":"LogChunk","worker_id":"adbaf9ad-0b23-46d2-b57e-ed4d04ee8e3b"}}
{"event":"proto.client.log_chunk","at":"2026-09-26T23:28:50.751124284Z","content":{"direction":"client","job_id":"build:01a0de7e-fe93-760a-9c19-09670caf8bbf","len":285,"message":"LogChunk","worker_id":"adbaf9ad-0b23-46d2-b57e-ed4d04ee8e3b"}}
{"event":"proto.client.log_chunk","at":"2026-09-26T23:28:50.752497642Z","content":{"direction":"client","job_id":"build:01a0de7e-fe93-760a-9c19-09670caf8bbf","len":261,"message":"LogChunk","worker_id":"adbaf9ad-0b23-46d2-b57e-ed4d04ee8e3b"}}
{"event":"proto.client.log_chunk","at":"2026-09-26T23:28:50.753734409Z","content":{"direction":"client","job_id":"build:01a0de7e-fe93-760a-9c19-09670caf8bbf","len":173,"message":"LogChunk","worker_id":"adbaf9ad-0b23-46d2-b57e-ed4d04ee8e3b"}}
{"event":"proto.client.log_chunk","at":"2026-09-26T23:28:50.754978851Z","content":{"direction":"client","job_id":"build:01a0de7e-fe93-760a-9c19-09670caf8bbf","len":165,"message":"LogChunk","worker_id":"adbaf9ad-0b23-46d2-b57e-ed4d04ee8e3b"}}
{"event":"proto.client.log_chunk","at":"2026-09-26T23:28:50.756278084Z","content":{"direction":"client","job_id":"build:01a0de7e-fe93-760a-9c19-09670caf8bbf","len":189,"message":"LogChunk","worker_id":"adbaf9ad-0b23-46d2-b57e-ed4d04ee8e3b"}}
{"event":"proto.client.log_chunk","at":"2026-09-26T23:28:50.757679291Z","content":{"direction":"client","job_id":"build:01a0de7e-fe93-760a-9c19-09670caf8bbf","len":221,"message":"LogChunk","worker_id":"adbaf9ad-0b23-46d2-b57e-ed4d04ee8e3b"}}
{"event":"proto.client.log_chunk","at":"2026-09-26T23:28:50.759032416Z","content":{"direction":"client","job_id":"build:01a0de7e-fe93-760a-9c19-09670caf8bbf","len":213,"message":"LogChunk","worker_id":"adbaf9ad-0b23-46d2-b57e-ed4d04ee8e3b"}}
{"event":"proto.client.log_chunk","at":"2026-09-26T23:28:50.760361483Z","content":{"direction":"client","job_id":"build:01a0de7e-fe93-760a-9c19-09670caf8bbf","len":208,"message":"LogChunk","worker_id":"adbaf9ad-0b23-46d2-b57e-ed4d04ee8e3b"}}
{"event":"proto.client.log_chunk","at":"2026-09-26T23:28:50.761619726Z","content":{"direction":"client","job_id":"build:01a0de7e-fe93-760a-9c19-09670caf8bbf","len":178,"message":"LogChunk","worker_id":"adbaf9ad-0b23-46d2-b57e-ed4d04ee8e3b"}}
{"event":"proto.client.log_chunk","at":"2026-09-26T23:28:50.762920964Z","content":{"direction":"client","job_id":"build:01a0de7e-fe93-760a-9c19-09670caf8bbf","len":208,"message":"LogChunk","worker_id":"adbaf9ad-0b23-46d2-b57e-ed4d04ee8e3b"}}
{"event":"proto.client.log_chunk","at":"2026-09-26T23:28:50.764187273Z","content":{"direction":"client","job_id":"build:01a0de7e-fe93-760a-9c19-09670caf8bbf","len":250,"message":"LogChunk","worker_id":"adbaf9ad-0b23-46d2-b57e-ed4d04ee8e3b"}}
{"event":"proto.client.log_chunk","at":"2026-09-26T23:28:50.765609427Z","content":{"direction":"client","job_id":"build:01a0de7e-fe93-760a-9c19-09670caf8bbf","len":172,"message":"LogChunk","worker_id":"adbaf9ad-0b23-46d2-b57e-ed4d04ee8e3b"}}
{"event":"proto.client.log_chunk","at":"2026-09-26T23:28:50.785902611Z","content":{"direction":"client","job_id":"build:01a0de7e-fe93-760a-9c19-09670caf8bbf","len":222,"message":"LogChunk","worker_id":"adbaf9ad-0b23-46d2-b57e-ed4d04ee8e3b"}}
{"event":"proto.client.log_chunk","at":"2026-09-26T23:28:50.787577047Z","content":{"direction":"client","job_id":"build:01a0de7e-fe93-760a-9c19-09670caf8bbf","len":289,"message":"LogChunk","worker_id":"adbaf9ad-0b23-46d2-b57e-ed4d04ee8e3b"}}
{"event":"proto.client.log_chunk","at":"2026-09-26T23:28:50.789127386Z","content":{"direction":"client","job_id":"build:01a0de7e-fe93-760a-9c19-09670caf8bbf","len":180,"message":"LogChunk","worker_id":"adbaf9ad-0b23-46d2-b57e-ed4d04ee8e3b"}}
{"event":"proto.client.log_chunk","at":"2026-09-26T23:28:50.790588029Z","content":{"direction":"client","job_id":"build:01a0de7e-fe93-760a-9c19-09670caf8bbf","len":183,"message":"LogChunk","worker_id":"adbaf9ad-0b23-46d2-b57e-ed4d04ee8e3b"}}
{"event":"proto.client.log_chunk","at":"2026-09-26T23:28:50.792129538Z","content":{"direction":"client","job_id":"build:01a0de7e-fe93-760a-9c19-09670caf8bbf","len":179,"message":"LogChunk","worker_id":"adbaf9ad-0b23-46d2-b57e-ed4d04ee8e3b"}}
{"event":"proto.client.log_chunk","at":"2026-09-26T23:28:50.793688522Z","content":{"direction":"client","job_id":"build:01a0de7e-fe93-760a-9c19-09670caf8bbf","len":191,"message":"LogChunk","worker_id":"adbaf9ad-0b23-46d2-b57e-ed4d04ee8e3b"}}
{"event":"proto.client.log_chunk","at":"2026-09-26T23:28:50.795053877Z","content":{"direction":"client","job_id":"build:01a0de7e-fe93-760a-9c19-09670caf8bbf","len":188,"message":"LogChunk","worker_id":"adbaf9ad-0b23-46d2-b57e-ed4d04ee8e3b"}}
{"event":"proto.client.log_chunk","at":"2026-09-26T23:28:50.796516019Z","content":{"direction":"client","job_id":"build:01a0de7e-fe93-760a-9c19-09670caf8bbf","len":190,"message":"LogChunk","worker_id":"adbaf9ad-0b23-46d2-b57e-ed4d04ee8e3b"}}
{"event":"proto.client.log_chunk","at":"2026-09-26T23:28:50.798012098Z","content":{"direction":"client","job_id":"build:01a0de7e-fe93-760a-9c19-09670caf8bbf","len":194,"message":"LogChunk","worker_id":"adbaf9ad-0b23-46d2-b57e-ed4d04ee8e3b"}}
{"event":"proto.client.log_chunk","at":"2026-09-26T23:28:50.799436079Z","content":{"direction":"client","job_id":"build:01a0de7e-fe93-760a-9c19-09670caf8bbf","len":191,"message":"LogChunk","worker_id":"adbaf9ad-0b23-46d2-b57e-ed4d04ee8e3b"}}
{"event":"proto.client.log_chunk","at":"2026-09-26T23:28:50.800785014Z","content":{"direction":"client","job_id":"build:01a0de7e-fe93-760a-9c19-09670caf8bbf","len":188,"message":"LogChunk","worker_id":"adbaf9ad-0b23-46d2-b57e-ed4d04ee8e3b"}}
{"event":"proto.client.log_chunk","at":"2026-09-26T23:28:50.802190789Z","content":{"direction":"client","job_id":"build:01a0de7e-fe93-760a-9c19-09670caf8bbf","len":189,"message":"LogChunk","worker_id":"adbaf9ad-0b23-46d2-b57e-ed4d04ee8e3b"}}
{"event":"proto.client.log_chunk","at":"2026-09-26T23:28:50.803682017Z","content":{"direction":"client","job_id":"build:01a0de7e-fe93-760a-9c19-09670caf8bbf","len":190,"message":"LogChunk","worker_id":"adbaf9ad-0b23-46d2-b57e-ed4d04ee8e3b"}}
{"event":"proto.client.log_chunk","at":"2026-09-26T23:28:50.805287452Z","content":{"direction":"client","job_id":"build:01a0de7e-fe93-760a-9c19-09670caf8bbf","len":188,"message":"LogChunk","worker_id":"adbaf9ad-0b23-46d2-b57e-ed4d04ee8e3b"}}
{"event":"proto.client.log_chunk","at":"2026-09-26T23:28:50.806797058Z","content":{"direction":"client","job_id":"build:01a0de7e-fe93-760a-9c19-09670caf8bbf","len":192,"message":"LogChunk","worker_id":"adbaf9ad-0b23-46d2-b57e-ed4d04ee8e3b"}}
{"event":"proto.client.log_chunk","at":"2026-09-26T23:28:50.808300341Z","content":{"direction":"client","job_id":"build:01a0de7e-fe93-760a-9c19-09670caf8bbf","len":188,"message":"LogChunk","worker_id":"adbaf9ad-0b23-46d2-b57e-ed4d04ee8e3b"}}
{"event":"proto.client.log_chunk","at":"2026-09-26T23:28:50.809730270Z","content":{"direction":"client","job_id":"build:01a0de7e-fe93-760a-9c19-09670caf8bbf","len":195,"message":"LogChunk","worker_id":"adbaf9ad-0b23-46d2-b57e-ed4d04ee8e3b"}}
{"event":"proto.client.log_chunk","at":"2026-09-26T23:28:50.811050149Z","content":{"direction":"client","job_id":"build:01a0de7e-fe93-760a-9c19-09670caf8bbf","len":186,"message":"LogChunk","worker_id":"adbaf9ad-0b23-46d2-b57e-ed4d04ee8e3b"}}
{"event":"proto.client.log_chunk","at":"2026-09-26T23:28:50.812297545Z","content":{"direction":"client","job_id":"build:01a0de7e-fe93-760a-9c19-09670caf8bbf","len":188,"message":"LogChunk","worker_id":"adbaf9ad-0b23-46d2-b57e-ed4d04ee8e3b"}}
{"event":"proto.client.log_chunk","at":"2026-09-26T23:28:50.813638256Z","content":{"direction":"client","job_id":"build:01a0de7e-fe93-760a-9c19-09670caf8bbf","len":199,"message":"LogChunk","worker_id":"adbaf9ad-0b23-46d2-b57e-ed4d04ee8e3b"}}
{"event":"proto.client.log_chunk","at":"2026-09-26T23:28:50.815190268Z","content":{"direction":"client","job_id":"build:01a0de7e-fe93-760a-9c19-09670caf8bbf","len":189,"message":"LogChunk","worker_id":"adbaf9ad-0b23-46d2-b57e-ed4d04ee8e3b"}}
{"event":"proto.client.log_chunk","at":"2026-09-26T23:28:50.816647237Z","content":{"direction":"client","job_id":"build:01a0de7e-fe93-760a-9c19-09670caf8bbf","len":192,"message":"LogChunk","worker_id":"adbaf9ad-0b23-46d2-b57e-ed4d04ee8e3b"}}
{"event":"proto.client.log_chunk","at":"2026-09-26T23:28:50.817890952Z","content":{"direction":"client","job_id":"build:01a0de7e-fe93-760a-9c19-09670caf8bbf","len":200,"message":"LogChunk","worker_id":"adbaf9ad-0b23-46d2-b57e-ed4d04ee8e3b"}}
{"event":"proto.client.log_chunk","at":"2026-09-26T23:28:50.819291981Z","content":{"direction":"client","job_id":"build:01a0de7e-fe93-760a-9c19-09670caf8bbf","len":189,"message":"LogChunk","worker_id":"adbaf9ad-0b23-46d2-b57e-ed4d04ee8e3b"}}
{"event":"proto.client.log_chunk","at":"2026-09-26T23:28:50.820569637Z","content":{"direction":"client","job_id":"build:01a0de7e-fe93-760a-9c19-09670caf8bbf","len":189,"message":"LogChunk","worker_id":"adbaf9ad-0b23-46d2-b57e-ed4d04ee8e3b"}}
{"event":"proto.client.log_chunk","at":"2026-09-26T23:28:50.821757197Z","content":{"direction":"client","job_id":"build:01a0de7e-fe93-760a-9c19-09670caf8bbf","len":189,"message":"LogChunk","worker_id":"adbaf9ad-0b23-46d2-b57e-ed4d04ee8e3b"}}
{"event":"proto.client.log_chunk","at":"2026-09-26T23:28:50.823039777Z","content":{"direction":"client","job_id":"build:01a0de7e-fe93-760a-9c19-09670caf8bbf","len":189,"message":"LogChunk","worker_id":"adbaf9ad-0b23-46d2-b57e-ed4d04ee8e3b"}}
{"event":"proto.client.log_chunk","at":"2026-09-26T23:28:50.824203991Z","content":{"direction":"client","job_id":"build:01a0de7e-fe93-760a-9c19-09670caf8bbf","len":186,"message":"LogChunk","worker_id":"adbaf9ad-0b23-46d2-b57e-ed4d04ee8e3b"}}
{"event":"proto.client.log_chunk","at":"2026-09-26T23:28:50.825437551Z","content":{"direction":"client","job_id":"build:01a0de7e-fe93-760a-9c19-09670caf8bbf","len":195,"message":"LogChunk","worker_id":"adbaf9ad-0b23-46d2-b57e-ed4d04ee8e3b"}}
{"event":"proto.client.log_chunk","at":"2026-09-26T23:28:50.826611829Z","content":{"direction":"client","job_id":"build:01a0de7e-fe93-760a-9c19-09670caf8bbf","len":188,"message":"LogChunk","worker_id":"adbaf9ad-0b23-46d2-b57e-ed4d04ee8e3b"}}
{"event":"proto.client.log_chunk","at":"2026-09-26T23:28:50.827924210Z","content":{"direction":"client","job_id":"build:01a0de7e-fe93-760a-9c19-09670caf8bbf","len":186,"message":"LogChunk","worker_id":"adbaf9ad-0b23-46d2-b57e-ed4d04ee8e3b"}}
{"event":"proto.client.log_chunk","at":"2026-09-26T23:28:50.829214370Z","content":{"direction":"client","job_id":"build:01a0de7e-fe93-760a-9c19-09670caf8bbf","len":185,"message":"LogChunk","worker_id":"adbaf9ad-0b23-46d2-b57e-ed4d04ee8e3b"}}
{"event":"proto.client.log_chunk","at":"2026-09-26T23:28:50.830552144Z","content":{"direction":"client","job_id":"build:01a0de7e-fe93-760a-9c19-09670caf8bbf","len":190,"message":"LogChunk","worker_id":"adbaf9ad-0b23-46d2-b57e-ed4d04ee8e3b"}}
{"event":"proto.client.log_chunk","at":"2026-09-26T23:28:50.831876326Z","content":{"direction":"client","job_id":"build:01a0de7e-fe93-760a-9c19-09670caf8bbf","len":186,"message":"LogChunk","worker_id":"adbaf9ad-0b23-46d2-b57e-ed4d04ee8e3b"}}
{"event":"proto.client.log_chunk","at":"2026-09-26T23:28:50.833110441Z","content":{"direction":"client","job_id":"build:01a0de7e-fe93-760a-9c19-09670caf8bbf","len":191,"message":"LogChunk","worker_id":"adbaf9ad-0b23-46d2-b57e-ed4d04ee8e3b"}}
{"event":"proto.client.log_chunk","at":"2026-09-26T23:28:50.834376872Z","content":{"direction":"client","job_id":"build:01a0de7e-fe93-760a-9c19-09670caf8bbf","len":193,"message":"LogChunk","worker_id":"adbaf9ad-0b23-46d2-b57e-ed4d04ee8e3b"}}
{"event":"proto.client.log_chunk","at":"2026-09-26T23:28:50.835568744Z","content":{"direction":"client","job_id":"build:01a0de7e-fe93-760a-9c19-09670caf8bbf","len":192,"message":"LogChunk","worker_id":"adbaf9ad-0b23-46d2-b57e-ed4d04ee8e3b"}}
{"event":"proto.client.log_chunk","at":"2026-09-26T23:28:50.836689961Z","content":{"direction":"client","job_id":"build:01a0de7e-fe93-760a-9c19-09670caf8bbf","len":193,"message":"LogChunk","worker_id":"adbaf9ad-0b23-46d2-b57e-ed4d04ee8e3b"}}
{"event":"proto.client.log_chunk","at":"2026-09-26T23:28:50.837946796Z","content":{"direction":"client","job_id":"build:01a0de7e-fe93-760a-9c19-09670caf8bbf","len":184,"message":"LogChunk","worker_id":"adbaf9ad-0b23-46d2-b57e-ed4d04ee8e3b"}}
{"event":"proto.client.log_chunk","at":"2026-09-26T23:28:50.839216672Z","content":{"direction":"client","job_id":"build:01a0de7e-fe93-760a-9c19-09670caf8bbf","len":192,"message":"LogChunk","worker_id":"adbaf9ad-0b23-46d2-b57e-ed4d04ee8e3b"}}
{"event":"proto.client.log_chunk","at":"2026-09-26T23:28:51.050826673Z","content":{"direction":"client","job_id":"build:01a0de7e-fe93-760a-9c19-09670caf8bbf","len":194,"message":"LogChunk","worker_id":"adbaf9ad-0b23-46d2-b57e-ed4d04ee8e3b"}}
{"event":"proto.client.log_chunk","at":"2026-09-26T23:28:51.358928292Z","content":{"direction":"client","job_id":"build:01a0de7e-fe93-760a-9c19-09670caf8bbf","len":201,"message":"LogChunk","worker_id":"adbaf9ad-0b23-46d2-b57e-ed4d04ee8e3b"}}
{"event":"proto.client.log_chunk","at":"2026-09-26T23:28:51.365996736Z","content":{"direction":"client","job_id":"build:01a0de7e-fe93-760a-9c19-09670caf8bbf","len":187,"message":"LogChunk","worker_id":"adbaf9ad-0b23-46d2-b57e-ed4d04ee8e3b"}}
{"event":"proto.client.log_chunk","at":"2026-09-26T23:28:51.368009239Z","content":{"direction":"client","job_id":"build:01a0de7e-fe93-760a-9c19-09670caf8bbf","len":187,"message":"LogChunk","worker_id":"adbaf9ad-0b23-46d2-b57e-ed4d04ee8e3b"}}
{"event":"proto.client.log_chunk","at":"2026-09-26T23:28:51.369769753Z","content":{"direction":"client","job_id":"build:01a0de7e-fe93-760a-9c19-09670caf8bbf","len":188,"message":"LogChunk","worker_id":"adbaf9ad-0b23-46d2-b57e-ed4d04ee8e3b"}}
{"event":"proto.client.log_chunk","at":"2026-09-26T23:28:51.371425814Z","content":{"direction":"client","job_id":"build:01a0de7e-fe93-760a-9c19-09670caf8bbf","len":190,"message":"LogChunk","worker_id":"adbaf9ad-0b23-46d2-b57e-ed4d04ee8e3b"}}
{"event":"proto.client.log_chunk","at":"2026-09-26T23:28:51.373200736Z","content":{"direction":"client","job_id":"build:01a0de7e-fe93-760a-9c19-09670caf8bbf","len":189,"message":"LogChunk","worker_id":"adbaf9ad-0b23-46d2-b57e-ed4d04ee8e3b"}}
{"event":"proto.client.log_chunk","at":"2026-09-26T23:28:51.374828823Z","content":{"direction":"client","job_id":"build:01a0de7e-fe93-760a-9c19-09670caf8bbf","len":187,"message":"LogChunk","worker_id":"adbaf9ad-0b23-46d2-b57e-ed4d04ee8e3b"}}
{"event":"proto.client.log_chunk","at":"2026-09-26T23:28:51.376599203Z","content":{"direction":"client","job_id":"build:01a0de7e-fe93-760a-9c19-09670caf8bbf","len":183,"message":"LogChunk","worker_id":"adbaf9ad-0b23-46d2-b57e-ed4d04ee8e3b"}}
{"event":"proto.client.log_chunk","at":"2026-09-26T23:28:51.378265378Z","content":{"direction":"client","job_id":"build:01a0de7e-fe93-760a-9c19-09670caf8bbf","len":191,"message":"LogChunk","worker_id":"adbaf9ad-0b23-46d2-b57e-ed4d04ee8e3b"}}
{"event":"proto.client.log_chunk","at":"2026-09-26T23:28:51.379945565Z","content":{"direction":"client","job_id":"build:01a0de7e-fe93-760a-9c19-09670caf8bbf","len":188,"message":"LogChunk","worker_id":"adbaf9ad-0b23-46d2-b57e-ed4d04ee8e3b"}}
{"event":"proto.client.log_chunk","at":"2026-09-26T23:28:51.381469811Z","content":{"direction":"client","job_id":"build:01a0de7e-fe93-760a-9c19-09670caf8bbf","len":189,"message":"LogChunk","worker_id":"adbaf9ad-0b23-46d2-b57e-ed4d04ee8e3b"}}
{"event":"proto.client.log_chunk","at":"2026-09-26T23:28:51.382923027Z","content":{"direction":"client","job_id":"build:01a0de7e-fe93-760a-9c19-09670caf8bbf","len":186,"message":"LogChunk","worker_id":"adbaf9ad-0b23-46d2-b57e-ed4d04ee8e3b"}}
{"event":"proto.client.log_chunk","at":"2026-09-26T23:28:51.384265844Z","content":{"direction":"client","job_id":"build:01a0de7e-fe93-760a-9c19-09670caf8bbf","len":195,"message":"LogChunk","worker_id":"adbaf9ad-0b23-46d2-b57e-ed4d04ee8e3b"}}
{"event":"proto.client.log_chunk","at":"2026-09-26T23:28:51.385742118Z","content":{"direction":"client","job_id":"build:01a0de7e-fe93-760a-9c19-09670caf8bbf","len":199,"message":"LogChunk","worker_id":"adbaf9ad-0b23-46d2-b57e-ed4d04ee8e3b"}}
{"event":"proto.client.log_chunk","at":"2026-09-26T23:28:51.387222521Z","content":{"direction":"client","job_id":"build:01a0de7e-fe93-760a-9c19-09670caf8bbf","len":204,"message":"LogChunk","worker_id":"adbaf9ad-0b23-46d2-b57e-ed4d04ee8e3b"}}
{"event":"proto.client.log_chunk","at":"2026-09-26T23:28:51.388694516Z","content":{"direction":"client","job_id":"build:01a0de7e-fe93-760a-9c19-09670caf8bbf","len":193,"message":"LogChunk","worker_id":"adbaf9ad-0b23-46d2-b57e-ed4d04ee8e3b"}}
{"event":"proto.client.log_chunk","at":"2026-09-26T23:28:51.390230554Z","content":{"direction":"client","job_id":"build:01a0de7e-fe93-760a-9c19-09670caf8bbf","len":194,"message":"LogChunk","worker_id":"adbaf9ad-0b23-46d2-b57e-ed4d04ee8e3b"}}
{"event":"proto.client.log_chunk","at":"2026-09-26T23:28:51.391572896Z","content":{"direction":"client","job_id":"build:01a0de7e-fe93-760a-9c19-09670caf8bbf","len":195,"message":"LogChunk","worker_id":"adbaf9ad-0b23-46d2-b57e-ed4d04ee8e3b"}}
{"event":"proto.client.log_chunk","at":"2026-09-26T23:28:51.392964815Z","content":{"direction":"client","job_id":"build:01a0de7e-fe93-760a-9c19-09670caf8bbf","len":196,"message":"LogChunk","worker_id":"adbaf9ad-0b23-46d2-b57e-ed4d04ee8e3b"}}
{"event":"proto.client.log_chunk","at":"2026-09-26T23:28:51.395197043Z","content":{"direction":"client","job_id":"build:01a0de7e-fe93-760a-9c19-09670caf8bbf","len":198,"message":"LogChunk","worker_id":"adbaf9ad-0b23-46d2-b57e-ed4d04ee8e3b"}}
{"event":"proto.client.log_chunk","at":"2026-09-26T23:28:51.396649951Z","content":{"direction":"client","job_id":"build:01a0de7e-fe93-760a-9c19-09670caf8bbf","len":193,"message":"LogChunk","worker_id":"adbaf9ad-0b23-46d2-b57e-ed4d04ee8e3b"}}
{"event":"proto.client.log_chunk","at":"2026-09-26T23:28:51.397882972Z","content":{"direction":"client","job_id":"build:01a0de7e-fe93-760a-9c19-09670caf8bbf","len":203,"message":"LogChunk","worker_id":"adbaf9ad-0b23-46d2-b57e-ed4d04ee8e3b"}}
{"event":"proto.client.log_chunk","at":"2026-09-26T23:28:51.399119187Z","content":{"direction":"client","job_id":"build:01a0de7e-fe93-760a-9c19-09670caf8bbf","len":202,"message":"LogChunk","worker_id":"adbaf9ad-0b23-46d2-b57e-ed4d04ee8e3b"}}
{"event":"proto.client.log_chunk","at":"2026-09-26T23:28:51.400410428Z","content":{"direction":"client","job_id":"build:01a0de7e-fe93-760a-9c19-09670caf8bbf","len":208,"message":"LogChunk","worker_id":"adbaf9ad-0b23-46d2-b57e-ed4d04ee8e3b"}}
{"event":"proto.client.log_chunk","at":"2026-09-26T23:28:51.401626240Z","content":{"direction":"client","job_id":"build:01a0de7e-fe93-760a-9c19-09670caf8bbf","len":212,"message":"LogChunk","worker_id":"adbaf9ad-0b23-46d2-b57e-ed4d04ee8e3b"}}
{"event":"proto.client.log_chunk","at":"2026-09-26T23:28:51.402911042Z","content":{"direction":"client","job_id":"build:01a0de7e-fe93-760a-9c19-09670caf8bbf","len":190,"message":"LogChunk","worker_id":"adbaf9ad-0b23-46d2-b57e-ed4d04ee8e3b"}}
{"event":"proto.client.log_chunk","at":"2026-09-26T23:28:51.404161343Z","content":{"direction":"client","job_id":"build:01a0de7e-fe93-760a-9c19-09670caf8bbf","len":209,"message":"LogChunk","worker_id":"adbaf9ad-0b23-46d2-b57e-ed4d04ee8e3b"}}
{"event":"proto.client.log_chunk","at":"2026-09-26T23:28:51.405447704Z","content":{"direction":"client","job_id":"build:01a0de7e-fe93-760a-9c19-09670caf8bbf","len":197,"message":"LogChunk","worker_id":"adbaf9ad-0b23-46d2-b57e-ed4d04ee8e3b"}}
{"event":"proto.client.log_chunk","at":"2026-09-26T23:28:51.406730388Z","content":{"direction":"client","job_id":"build:01a0de7e-fe93-760a-9c19-09670caf8bbf","len":195,"message":"LogChunk","worker_id":"adbaf9ad-0b23-46d2-b57e-ed4d04ee8e3b"}}
{"event":"proto.client.log_chunk","at":"2026-09-26T23:28:51.407964675Z","content":{"direction":"client","job_id":"build:01a0de7e-fe93-760a-9c19-09670caf8bbf","len":195,"message":"LogChunk","worker_id":"adbaf9ad-0b23-46d2-b57e-ed4d04ee8e3b"}}
{"event":"proto.client.log_chunk","at":"2026-09-26T23:28:51.409254758Z","content":{"direction":"client","job_id":"build:01a0de7e-fe93-760a-9c19-09670caf8bbf","len":191,"message":"LogChunk","worker_id":"adbaf9ad-0b23-46d2-b57e-ed4d04ee8e3b"}}
{"event":"proto.client.log_chunk","at":"2026-09-26T23:28:51.410592596Z","content":{"direction":"client","job_id":"build:01a0de7e-fe93-760a-9c19-09670caf8bbf","len":196,"message":"LogChunk","worker_id":"adbaf9ad-0b23-46d2-b57e-ed4d04ee8e3b"}}
{"event":"proto.client.log_chunk","at":"2026-09-26T23:28:51.412013607Z","content":{"direction":"client","job_id":"build:01a0de7e-fe93-760a-9c19-09670caf8bbf","len":192,"message":"LogChunk","worker_id":"adbaf9ad-0b23-46d2-b57e-ed4d04ee8e3b"}}
{"event":"proto.client.log_chunk","at":"2026-09-26T23:28:51.413372925Z","content":{"direction":"client","job_id":"build:01a0de7e-fe93-760a-9c19-09670caf8bbf","len":200,"message":"LogChunk","worker_id":"adbaf9ad-0b23-46d2-b57e-ed4d04ee8e3b"}}
{"event":"proto.client.log_chunk","at":"2026-09-26T23:28:51.414599974Z","content":{"direction":"client","job_id":"build:01a0de7e-fe93-760a-9c19-09670caf8bbf","len":199,"message":"LogChunk","worker_id":"adbaf9ad-0b23-46d2-b57e-ed4d04ee8e3b"}}
{"event":"proto.client.log_chunk","at":"2026-09-26T23:28:51.415839072Z","content":{"direction":"client","job_id":"build:01a0de7e-fe93-760a-9c19-09670caf8bbf","len":196,"message":"LogChunk","worker_id":"adbaf9ad-0b23-46d2-b57e-ed4d04ee8e3b"}}
{"event":"proto.client.log_chunk","at":"2026-09-26T23:28:51.417149981Z","content":{"direction":"client","job_id":"build:01a0de7e-fe93-760a-9c19-09670caf8bbf","len":197,"message":"LogChunk","worker_id":"adbaf9ad-0b23-46d2-b57e-ed4d04ee8e3b"}}
{"event":"proto.client.log_chunk","at":"2026-09-26T23:28:51.418320108Z","content":{"direction":"client","job_id":"build:01a0de7e-fe93-760a-9c19-09670caf8bbf","len":191,"message":"LogChunk","worker_id":"adbaf9ad-0b23-46d2-b57e-ed4d04ee8e3b"}}
{"event":"proto.client.log_chunk","at":"2026-09-26T23:28:51.419686180Z","content":{"direction":"client","job_id":"build:01a0de7e-fe93-760a-9c19-09670caf8bbf","len":197,"message":"LogChunk","worker_id":"adbaf9ad-0b23-46d2-b57e-ed4d04ee8e3b"}}
{"event":"proto.client.log_chunk","at":"2026-09-26T23:28:51.421006726Z","content":{"direction":"client","job_id":"build:01a0de7e-fe93-760a-9c19-09670caf8bbf","len":194,"message":"LogChunk","worker_id":"adbaf9ad-0b23-46d2-b57e-ed4d04ee8e3b"}}
{"event":"proto.client.log_chunk","at":"2026-09-26T23:28:51.422366926Z","content":{"direction":"client","job_id":"build:01a0de7e-fe93-760a-9c19-09670caf8bbf","len":186,"message":"LogChunk","worker_id":"adbaf9ad-0b23-46d2-b57e-ed4d04ee8e3b"}}
{"event":"proto.client.log_chunk","at":"2026-09-26T23:28:51.423712777Z","content":{"direction":"client","job_id":"build:01a0de7e-fe93-760a-9c19-09670caf8bbf","len":186,"message":"LogChunk","worker_id":"adbaf9ad-0b23-46d2-b57e-ed4d04ee8e3b"}}
{"event":"proto.client.log_chunk","at":"2026-09-26T23:28:51.424941241Z","content":{"direction":"client","job_id":"build:01a0de7e-fe93-760a-9c19-09670caf8bbf","len":202,"message":"LogChunk","worker_id":"adbaf9ad-0b23-46d2-b57e-ed4d04ee8e3b"}}
{"event":"proto.client.log_chunk","at":"2026-09-26T23:28:51.426238470Z","content":{"direction":"client","job_id":"build:01a0de7e-fe93-760a-9c19-09670caf8bbf","len":194,"message":"LogChunk","worker_id":"adbaf9ad-0b23-46d2-b57e-ed4d04ee8e3b"}}
{"event":"proto.client.log_chunk","at":"2026-09-26T23:28:51.427498502Z","content":{"direction":"client","job_id":"build:01a0de7e-fe93-760a-9c19-09670caf8bbf","len":191,"message":"LogChunk","worker_id":"adbaf9ad-0b23-46d2-b57e-ed4d04ee8e3b"}}
{"event":"proto.client.log_chunk","at":"2026-09-26T23:28:51.428843423Z","content":{"direction":"client","job_id":"build:01a0de7e-fe93-760a-9c19-09670caf8bbf","len":199,"message":"LogChunk","worker_id":"adbaf9ad-0b23-46d2-b57e-ed4d04ee8e3b"}}
{"event":"proto.client.log_chunk","at":"2026-09-26T23:28:51.430031659Z","content":{"direction":"client","job_id":"build:01a0de7e-fe93-760a-9c19-09670caf8bbf","len":192,"message":"LogChunk","worker_id":"adbaf9ad-0b23-46d2-b57e-ed4d04ee8e3b"}}
{"event":"proto.client.log_chunk","at":"2026-09-26T23:28:51.431430924Z","content":{"direction":"client","job_id":"build:01a0de7e-fe93-760a-9c19-09670caf8bbf","len":188,"message":"LogChunk","worker_id":"adbaf9ad-0b23-46d2-b57e-ed4d04ee8e3b"}}
{"event":"graph.requeued","at":"2026-09-26T23:28:51.557848844Z","content":{"requeued":0}}
{"event":"proto.client.log_chunk","at":"2026-09-26T23:28:51.775013787Z","content":{"direction":"client","job_id":"build:01a0de7e-fe93-760a-9c19-09670caf8bbf","len":244,"message":"LogChunk","worker_id":"adbaf9ad-0b23-46d2-b57e-ed4d04ee8e3b"}}
{"event":"proto.client.log_chunk","at":"2026-09-26T23:28:51.790938631Z","content":{"direction":"client","job_id":"build:01a0de7e-fe93-760a-9c19-09670caf8bbf","len":177,"message":"LogChunk","worker_id":"adbaf9ad-0b23-46d2-b57e-ed4d04ee8e3b"}}
{"event":"proto.client.log_chunk","at":"2026-09-26T23:28:51.792662922Z","content":{"direction":"client","job_id":"build:01a0de7e-fe93-760a-9c19-09670caf8bbf","len":182,"message":"LogChunk","worker_id":"adbaf9ad-0b23-46d2-b57e-ed4d04ee8e3b"}}
{"event":"proto.client.log_chunk","at":"2026-09-26T23:28:51.795289132Z","content":{"direction":"client","job_id":"build:01a0de7e-fe93-760a-9c19-09670caf8bbf","len":193,"message":"LogChunk","worker_id":"adbaf9ad-0b23-46d2-b57e-ed4d04ee8e3b"}}
{"event":"proto.client.log_chunk","at":"2026-09-26T23:28:51.797001046Z","content":{"direction":"client","job_id":"build:01a0de7e-fe93-760a-9c19-09670caf8bbf","len":190,"message":"LogChunk","worker_id":"adbaf9ad-0b23-46d2-b57e-ed4d04ee8e3b"}}
{"event":"proto.client.log_chunk","at":"2026-09-26T23:28:51.802240863Z","content":{"direction":"client","job_id":"build:01a0de7e-fe93-760a-9c19-09670caf8bbf","len":181,"message":"LogChunk","worker_id":"adbaf9ad-0b23-46d2-b57e-ed4d04ee8e3b"}}
{"event":"proto.client.log_chunk","at":"2026-09-26T23:28:51.806644671Z","content":{"direction":"client","job_id":"build:01a0de7e-fe93-760a-9c19-09670caf8bbf","len":229,"message":"LogChunk","worker_id":"adbaf9ad-0b23-46d2-b57e-ed4d04ee8e3b"}}
{"event":"proto.client.log_chunk","at":"2026-09-26T23:28:51.991953541Z","content":{"direction":"client","job_id":"build:01a0de7e-fe93-760a-9c19-09670caf8bbf","len":190,"message":"LogChunk","worker_id":"adbaf9ad-0b23-46d2-b57e-ed4d04ee8e3b"}}
{"event":"proto.client.log_chunk","at":"2026-09-26T23:28:51.995147154Z","content":{"direction":"client","job_id":"build:01a0de7e-fe93-760a-9c19-09670caf8bbf","len":176,"message":"LogChunk","worker_id":"adbaf9ad-0b23-46d2-b57e-ed4d04ee8e3b"}}
{"event":"proto.client.log_chunk","at":"2026-09-26T23:28:52.000838675Z","content":{"direction":"client","job_id":"build:01a0de7e-fe93-760a-9c19-09670caf8bbf","len":175,"message":"LogChunk","worker_id":"adbaf9ad-0b23-46d2-b57e-ed4d04ee8e3b"}}
{"event":"proto.client.log_chunk","at":"2026-09-26T23:28:52.618173107Z","content":{"direction":"client","job_id":"build:01a0de7e-fe93-760a-9c19-09670caf8bbf","len":218,"message":"LogChunk","worker_id":"adbaf9ad-0b23-46d2-b57e-ed4d04ee8e3b"}}
{"event":"proto.client.log_chunk","at":"2026-09-26T23:28:52.620334393Z","content":{"direction":"client","job_id":"build:01a0de7e-fe93-760a-9c19-09670caf8bbf","len":184,"message":"LogChunk","worker_id":"adbaf9ad-0b23-46d2-b57e-ed4d04ee8e3b"}}
{"event":"proto.client.log_chunk","at":"2026-09-26T23:28:52.622240784Z","content":{"direction":"client","job_id":"build:01a0de7e-fe93-760a-9c19-09670caf8bbf","len":185,"message":"LogChunk","worker_id":"adbaf9ad-0b23-46d2-b57e-ed4d04ee8e3b"}}
{"event":"proto.client.log_chunk","at":"2026-09-26T23:28:52.628445042Z","content":{"direction":"client","job_id":"build:01a0de7e-fe93-760a-9c19-09670caf8bbf","len":180,"message":"LogChunk","worker_id":"adbaf9ad-0b23-46d2-b57e-ed4d04ee8e3b"}}
{"event":"proto.client.log_chunk","at":"2026-09-26T23:28:52.651923177Z","content":{"direction":"client","job_id":"build:01a0de7e-fe93-760a-9c19-09670caf8bbf","len":189,"message":"LogChunk","worker_id":"adbaf9ad-0b23-46d2-b57e-ed4d04ee8e3b"}}
{"event":"proto.client.log_chunk","at":"2026-09-26T23:28:52.656667610Z","content":{"direction":"client","job_id":"build:01a0de7e-fe93-760a-9c19-09670caf8bbf","len":174,"message":"LogChunk","worker_id":"adbaf9ad-0b23-46d2-b57e-ed4d04ee8e3b"}}
{"event":"proto.client.log_chunk","at":"2026-09-26T23:28:52.691037906Z","content":{"direction":"client","job_id":"build:01a0de7e-fe93-760a-9c19-09670caf8bbf","len":274,"message":"LogChunk","worker_id":"adbaf9ad-0b23-46d2-b57e-ed4d04ee8e3b"}}
{"event":"proto.client.log_chunk","at":"2026-09-26T23:28:52.694845854Z","content":{"direction":"client","job_id":"build:01a0de7e-fe93-760a-9c19-09670caf8bbf","len":304,"message":"LogChunk","worker_id":"adbaf9ad-0b23-46d2-b57e-ed4d04ee8e3b"}}
{"event":"proto.client.log_chunk","at":"2026-09-26T23:28:52.708553981Z","content":{"direction":"client","job_id":"build:01a0de7e-fe93-760a-9c19-09670caf8bbf","len":295,"message":"LogChunk","worker_id":"adbaf9ad-0b23-46d2-b57e-ed4d04ee8e3b"}}
{"event":"proto.client.log_chunk","at":"2026-09-26T23:28:52.711743655Z","content":{"direction":"client","job_id":"build:01a0de7e-fe93-760a-9c19-09670caf8bbf","len":297,"message":"LogChunk","worker_id":"adbaf9ad-0b23-46d2-b57e-ed4d04ee8e3b"}}
{"event":"proto.client.log_chunk","at":"2026-09-26T23:28:52.772348735Z","content":{"direction":"client","job_id":"build:01a0de7e-fe93-760a-9c19-09670caf8bbf","len":262,"message":"LogChunk","worker_id":"adbaf9ad-0b23-46d2-b57e-ed4d04ee8e3b"}}
{"event":"proto.client.log_chunk","at":"2026-09-26T23:28:52.859986992Z","content":{"direction":"client","job_id":"build:01a0de7e-fe93-760a-9c19-09670caf8bbf","len":258,"message":"LogChunk","worker_id":"adbaf9ad-0b23-46d2-b57e-ed4d04ee8e3b"}}
{"event":"proto.client.log_chunk","at":"2026-09-26T23:28:52.870108074Z","content":{"direction":"client","job_id":"build:01a0de7e-fe93-760a-9c19-09670caf8bbf","len":275,"message":"LogChunk","worker_id":"adbaf9ad-0b23-46d2-b57e-ed4d04ee8e3b"}}
{"event":"proto.client.log_chunk","at":"2026-09-26T23:28:53.051097084Z","content":{"direction":"client","job_id":"build:01a0de7e-fe93-760a-9c19-09670caf8bbf","len":274,"message":"LogChunk","worker_id":"adbaf9ad-0b23-46d2-b57e-ed4d04ee8e3b"}}
{"event":"proto.client.log_chunk","at":"2026-09-26T23:28:53.056302021Z","content":{"direction":"client","job_id":"build:01a0de7e-fe93-760a-9c19-09670caf8bbf","len":304,"message":"LogChunk","worker_id":"adbaf9ad-0b23-46d2-b57e-ed4d04ee8e3b"}}
{"event":"proto.client.log_chunk","at":"2026-09-26T23:28:53.065702886Z","content":{"direction":"client","job_id":"build:01a0de7e-fe93-760a-9c19-09670caf8bbf","len":295,"message":"LogChunk","worker_id":"adbaf9ad-0b23-46d2-b57e-ed4d04ee8e3b"}}
{"event":"proto.client.log_chunk","at":"2026-09-26T23:28:53.068748085Z","content":{"direction":"client","job_id":"build:01a0de7e-fe93-760a-9c19-09670caf8bbf","len":297,"message":"LogChunk","worker_id":"adbaf9ad-0b23-46d2-b57e-ed4d04ee8e3b"}}
{"event":"proto.client.log_chunk","at":"2026-09-26T23:28:53.124208899Z","content":{"direction":"client","job_id":"build:01a0de7e-fe93-760a-9c19-09670caf8bbf","len":279,"message":"LogChunk","worker_id":"adbaf9ad-0b23-46d2-b57e-ed4d04ee8e3b"}}
{"event":"proto.client.log_chunk","at":"2026-09-26T23:28:53.128104431Z","content":{"direction":"client","job_id":"build:01a0de7e-fe93-760a-9c19-09670caf8bbf","len":267,"message":"LogChunk","worker_id":"adbaf9ad-0b23-46d2-b57e-ed4d04ee8e3b"}}
{"event":"proto.client.log_chunk","at":"2026-09-26T23:28:53.145594462Z","content":{"direction":"client","job_id":"build:01a0de7e-fe93-760a-9c19-09670caf8bbf","len":263,"message":"LogChunk","worker_id":"adbaf9ad-0b23-46d2-b57e-ed4d04ee8e3b"}}
{"event":"proto.client.log_chunk","at":"2026-09-26T23:28:53.153140695Z","content":{"direction":"client","job_id":"build:01a0de7e-fe93-760a-9c19-09670caf8bbf","len":279,"message":"LogChunk","worker_id":"adbaf9ad-0b23-46d2-b57e-ed4d04ee8e3b"}}
{"event":"proto.client.log_chunk","at":"2026-09-26T23:28:53.214861244Z","content":{"direction":"client","job_id":"build:01a0de7e-fe93-760a-9c19-09670caf8bbf","len":179,"message":"LogChunk","worker_id":"adbaf9ad-0b23-46d2-b57e-ed4d04ee8e3b"}}
{"event":"proto.client.log_chunk","at":"2026-09-26T23:28:53.220974216Z","content":{"direction":"client","job_id":"build:01a0de7e-fe93-760a-9c19-09670caf8bbf","len":188,"message":"LogChunk","worker_id":"adbaf9ad-0b23-46d2-b57e-ed4d04ee8e3b"}}
{"event":"proto.client.log_chunk","at":"2026-09-26T23:28:53.261005822Z","content":{"direction":"client","job_id":"build:01a0de7e-fe93-760a-9c19-09670caf8bbf","len":347,"message":"LogChunk","worker_id":"adbaf9ad-0b23-46d2-b57e-ed4d04ee8e3b"}}
{"event":"proto.client.log_chunk","at":"2026-09-26T23:28:53.287759992Z","content":{"direction":"client","job_id":"build:01a0de7e-fe93-760a-9c19-09670caf8bbf","len":338,"message":"LogChunk","worker_id":"adbaf9ad-0b23-46d2-b57e-ed4d04ee8e3b"}}
{"event":"proto.client.log_chunk","at":"2026-09-26T23:28:53.302308896Z","content":{"direction":"client","job_id":"build:01a0de7e-fe93-760a-9c19-09670caf8bbf","len":340,"message":"LogChunk","worker_id":"adbaf9ad-0b23-46d2-b57e-ed4d04ee8e3b"}}
{"event":"proto.client.log_chunk","at":"2026-09-26T23:28:53.365789221Z","content":{"direction":"client","job_id":"build:01a0de7e-fe93-760a-9c19-09670caf8bbf","len":181,"message":"LogChunk","worker_id":"adbaf9ad-0b23-46d2-b57e-ed4d04ee8e3b"}}
{"event":"proto.client.log_chunk","at":"2026-09-26T23:28:53.371917742Z","content":{"direction":"client","job_id":"build:01a0de7e-fe93-760a-9c19-09670caf8bbf","len":203,"message":"LogChunk","worker_id":"adbaf9ad-0b23-46d2-b57e-ed4d04ee8e3b"}}
{"event":"proto.client.log_chunk","at":"2026-09-26T23:28:53.376113188Z","content":{"direction":"client","job_id":"build:01a0de7e-fe93-760a-9c19-09670caf8bbf","len":189,"message":"LogChunk","worker_id":"adbaf9ad-0b23-46d2-b57e-ed4d04ee8e3b"}}
{"event":"proto.client.log_chunk","at":"2026-09-26T23:28:53.521472845Z","content":{"direction":"client","job_id":"build:01a0de7e-fe93-760a-9c19-09670caf8bbf","len":192,"message":"LogChunk","worker_id":"adbaf9ad-0b23-46d2-b57e-ed4d04ee8e3b"}}
{"event":"proto.client.log_chunk","at":"2026-09-26T23:28:53.531153156Z","content":{"direction":"client","job_id":"build:01a0de7e-fe93-760a-9c19-09670caf8bbf","len":187,"message":"LogChunk","worker_id":"adbaf9ad-0b23-46d2-b57e-ed4d04ee8e3b"}}
{"event":"proto.client.log_chunk","at":"2026-09-26T23:28:53.536646739Z","content":{"direction":"client","job_id":"build:01a0de7e-fe93-760a-9c19-09670caf8bbf","len":182,"message":"LogChunk","worker_id":"adbaf9ad-0b23-46d2-b57e-ed4d04ee8e3b"}}
{"event":"proto.client.log_chunk","at":"2026-09-26T23:28:53.538459468Z","content":{"direction":"client","job_id":"build:01a0de7e-fe93-760a-9c19-09670caf8bbf","len":212,"message":"LogChunk","worker_id":"adbaf9ad-0b23-46d2-b57e-ed4d04ee8e3b"}}
{"event":"proto.client.request_job","at":"2026-09-26T23:28:54.842563361Z","content":{"direction":"client","job_id":null,"len":null,"message":"RequestJob","worker_id":"adbaf9ad-0b23-46d2-b57e-ed4d04ee8e3b"}}
{"event":"proto.client.request_job","at":"2026-09-26T23:28:54.842703593Z","content":{"direction":"client","job_id":null,"len":null,"message":"RequestJob","worker_id":"adbaf9ad-0b23-46d2-b57e-ed4d04ee8e3b"}}
{"event":"proto.client.worker_metrics","at":"2026-09-26T23:28:55.050130581Z","content":{"direction":"client","job_id":null,"len":null,"message":"WorkerMetrics","worker_id":"adbaf9ad-0b23-46d2-b57e-ed4d04ee8e3b"}}
{"event":"proto.client.log_chunk","at":"2026-09-26T23:28:55.450851422Z","content":{"direction":"client","job_id":"build:01a0de7e-fe93-760a-9c19-09670caf8bbf","len":188,"message":"LogChunk","worker_id":"adbaf9ad-0b23-46d2-b57e-ed4d04ee8e3b"}}
{"event":"proto.client.log_chunk","at":"2026-09-26T23:28:55.456596734Z","content":{"direction":"client","job_id":"build:01a0de7e-fe93-760a-9c19-09670caf8bbf","len":183,"message":"LogChunk","worker_id":"adbaf9ad-0b23-46d2-b57e-ed4d04ee8e3b"}}
{"event":"proto.client.log_chunk","at":"2026-09-26T23:28:55.716570693Z","content":{"direction":"client","job_id":"build:01a0de7e-fe93-760a-9c19-09670caf8bbf","len":180,"message":"LogChunk","worker_id":"adbaf9ad-0b23-46d2-b57e-ed4d04ee8e3b"}}
{"event":"proto.client.log_chunk","at":"2026-09-26T23:28:55.722568644Z","content":{"direction":"client","job_id":"build:01a0de7e-fe93-760a-9c19-09670caf8bbf","len":175,"message":"LogChunk","worker_id":"adbaf9ad-0b23-46d2-b57e-ed4d04ee8e3b"}}
{"event":"proto.client.log_chunk","at":"2026-09-26T23:28:55.771606882Z","content":{"direction":"client","job_id":"build:01a0de7e-fe93-760a-9c19-09670caf8bbf","len":680,"message":"LogChunk","worker_id":"adbaf9ad-0b23-46d2-b57e-ed4d04ee8e3b"}}
{"event":"proto.client.log_chunk","at":"2026-09-26T23:28:56.197914049Z","content":{"direction":"client","job_id":"build:01a0de7e-fe93-760a-9c19-09670caf8bbf","len":237,"message":"LogChunk","worker_id":"adbaf9ad-0b23-46d2-b57e-ed4d04ee8e3b"}}
{"event":"proto.client.log_chunk","at":"2026-09-26T23:28:56.200091718Z","content":{"direction":"client","job_id":"build:01a0de7e-fe93-760a-9c19-09670caf8bbf","len":208,"message":"LogChunk","worker_id":"adbaf9ad-0b23-46d2-b57e-ed4d04ee8e3b"}}
{"event":"proto.client.log_chunk","at":"2026-09-26T23:28:56.201836147Z","content":{"direction":"client","job_id":"build:01a0de7e-fe93-760a-9c19-09670caf8bbf","len":171,"message":"LogChunk","worker_id":"adbaf9ad-0b23-46d2-b57e-ed4d04ee8e3b"}}
{"event":"proto.client.log_chunk","at":"2026-09-26T23:28:56.203416332Z","content":{"direction":"client","job_id":"build:01a0de7e-fe93-760a-9c19-09670caf8bbf","len":175,"message":"LogChunk","worker_id":"adbaf9ad-0b23-46d2-b57e-ed4d04ee8e3b"}}
{"event":"proto.client.log_chunk","at":"2026-09-26T23:28:56.204836969Z","content":{"direction":"client","job_id":"build:01a0de7e-fe93-760a-9c19-09670caf8bbf","len":173,"message":"LogChunk","worker_id":"adbaf9ad-0b23-46d2-b57e-ed4d04ee8e3b"}}
{"event":"graph.requeued","at":"2026-09-26T23:28:56.563467618Z","content":{"requeued":0}}
{"event":"graph.requeued","at":"2026-09-26T23:29:01.573464558Z","content":{"requeued":0}}
{"event":"worker.queue_depth","at":"2026-09-26T23:29:03.100032186Z","content":{"active":1,"pending":0,"workers":1}}
{"event":"proto.client.log_chunk","at":"2026-09-26T23:29:04.629174589Z","content":{"direction":"client","job_id":"build:01a0de7e-fe93-760a-9c19-09670caf8bbf","len":232,"message":"LogChunk","worker_id":"adbaf9ad-0b23-46d2-b57e-ed4d04ee8e3b"}}
{"event":"proto.client.request_job","at":"2026-09-26T23:29:04.840807962Z","content":{"direction":"client","job_id":null,"len":null,"message":"RequestJob","worker_id":"adbaf9ad-0b23-46d2-b57e-ed4d04ee8e3b"}}
{"event":"proto.client.request_job","at":"2026-09-26T23:29:04.840990640Z","content":{"direction":"client","job_id":null,"len":null,"message":"RequestJob","worker_id":"adbaf9ad-0b23-46d2-b57e-ed4d04ee8e3b"}}
{"event":"proto.client.worker_metrics","at":"2026-09-26T23:29:05.052038224Z","content":{"direction":"client","job_id":null,"len":null,"message":"WorkerMetrics","worker_id":"adbaf9ad-0b23-46d2-b57e-ed4d04ee8e3b"}}
{"event":"proto.client.log_chunk","at":"2026-09-26T23:29:05.127581458Z","content":{"direction":"client","job_id":"build:01a0de7e-fe93-760a-9c19-09670caf8bbf","len":245,"message":"LogChunk","worker_id":"adbaf9ad-0b23-46d2-b57e-ed4d04ee8e3b"}}
{"event":"proto.client.log_chunk","at":"2026-09-26T23:29:05.845188025Z","content":{"direction":"client","job_id":"build:01a0de7e-fe93-760a-9c19-09670caf8bbf","len":885,"message":"LogChunk","worker_id":"adbaf9ad-0b23-46d2-b57e-ed4d04ee8e3b"}}
{"event":"graph.requeued","at":"2026-09-26T23:29:06.580892584Z","content":{"requeued":0}}
{"event":"proto.client.log_chunk","at":"2026-09-26T23:29:06.595754482Z","content":{"direction":"client","job_id":"build:01a0de7e-fe93-760a-9c19-09670caf8bbf","len":885,"message":"LogChunk","worker_id":"adbaf9ad-0b23-46d2-b57e-ed4d04ee8e3b"}}
{"event":"proto.client.log_chunk","at":"2026-09-26T23:29:07.282083052Z","content":{"direction":"client","job_id":"build:01a0de7e-fe93-760a-9c19-09670caf8bbf","len":885,"message":"LogChunk","worker_id":"adbaf9ad-0b23-46d2-b57e-ed4d04ee8e3b"}}
{"event":"proto.client.log_chunk","at":"2026-09-26T23:29:07.896028675Z","content":{"direction":"client","job_id":"build:01a0de7e-fe93-760a-9c19-09670caf8bbf","len":885,"message":"LogChunk","worker_id":"adbaf9ad-0b23-46d2-b57e-ed4d04ee8e3b"}}
{"event":"proto.client.log_chunk","at":"2026-09-26T23:29:08.536482965Z","content":{"direction":"client","job_id":"build:01a0de7e-fe93-760a-9c19-09670caf8bbf","len":885,"message":"LogChunk","worker_id":"adbaf9ad-0b23-46d2-b57e-ed4d04ee8e3b"}}
{"event":"proto.client.log_chunk","at":"2026-09-26T23:29:09.037439663Z","content":{"direction":"client","job_id":"build:01a0de7e-fe93-760a-9c19-09670caf8bbf","len":885,"message":"LogChunk","worker_id":"adbaf9ad-0b23-46d2-b57e-ed4d04ee8e3b"}}
{"event":"proto.client.log_chunk","at":"2026-09-26T23:29:09.535514624Z","content":{"direction":"client","job_id":"build:01a0de7e-fe93-760a-9c19-09670caf8bbf","len":885,"message":"LogChunk","worker_id":"adbaf9ad-0b23-46d2-b57e-ed4d04ee8e3b"}}
{"event":"proto.client.log_chunk","at":"2026-09-26T23:29:10.064456724Z","content":{"direction":"client","job_id":"build:01a0de7e-fe93-760a-9c19-09670caf8bbf","len":885,"message":"LogChunk","worker_id":"adbaf9ad-0b23-46d2-b57e-ed4d04ee8e3b"}}
{"event":"proto.client.log_chunk","at":"2026-09-26T23:29:10.450091574Z","content":{"direction":"client","job_id":"build:01a0de7e-fe93-760a-9c19-09670caf8bbf","len":646,"message":"LogChunk","worker_id":"adbaf9ad-0b23-46d2-b57e-ed4d04ee8e3b"}}
{"event":"proto.client.log_chunk","at":"2026-09-26T23:29:10.452492716Z","content":{"direction":"client","job_id":"build:01a0de7e-fe93-760a-9c19-09670caf8bbf","len":246,"message":"LogChunk","worker_id":"adbaf9ad-0b23-46d2-b57e-ed4d04ee8e3b"}}
{"event":"proto.client.log_chunk","at":"2026-09-26T23:29:10.517333623Z","content":{"direction":"client","job_id":"build:01a0de7e-fe93-760a-9c19-09670caf8bbf","len":885,"message":"LogChunk","worker_id":"adbaf9ad-0b23-46d2-b57e-ed4d04ee8e3b"}}
{"event":"proto.client.log_chunk","at":"2026-09-26T23:29:10.585262787Z","content":{"direction":"client","job_id":"build:01a0de7e-fe93-760a-9c19-09670caf8bbf","len":885,"message":"LogChunk","worker_id":"adbaf9ad-0b23-46d2-b57e-ed4d04ee8e3b"}}
{"event":"proto.client.log_chunk","at":"2026-09-26T23:29:10.654577466Z","content":{"direction":"client","job_id":"build:01a0de7e-fe93-760a-9c19-09670caf8bbf","len":885,"message":"LogChunk","worker_id":"adbaf9ad-0b23-46d2-b57e-ed4d04ee8e3b"}}
{"event":"proto.client.log_chunk","at":"2026-09-26T23:29:10.722223578Z","content":{"direction":"client","job_id":"build:01a0de7e-fe93-760a-9c19-09670caf8bbf","len":885,"message":"LogChunk","worker_id":"adbaf9ad-0b23-46d2-b57e-ed4d04ee8e3b"}}
{"event":"proto.client.log_chunk","at":"2026-09-26T23:29:10.789828323Z","content":{"direction":"client","job_id":"build:01a0de7e-fe93-760a-9c19-09670caf8bbf","len":885,"message":"LogChunk","worker_id":"adbaf9ad-0b23-46d2-b57e-ed4d04ee8e3b"}}
{"event":"proto.client.log_chunk","at":"2026-09-26T23:29:10.857285450Z","content":{"direction":"client","job_id":"build:01a0de7e-fe93-760a-9c19-09670caf8bbf","len":885,"message":"LogChunk","worker_id":"adbaf9ad-0b23-46d2-b57e-ed4d04ee8e3b"}}
{"event":"proto.client.log_chunk","at":"2026-09-26T23:29:10.923780991Z","content":{"direction":"client","job_id":"build:01a0de7e-fe93-760a-9c19-09670caf8bbf","len":885,"message":"LogChunk","worker_id":"adbaf9ad-0b23-46d2-b57e-ed4d04ee8e3b"}}
{"event":"proto.client.log_chunk","at":"2026-09-26T23:29:10.990810960Z","content":{"direction":"client","job_id":"build:01a0de7e-fe93-760a-9c19-09670caf8bbf","len":885,"message":"LogChunk","worker_id":"adbaf9ad-0b23-46d2-b57e-ed4d04ee8e3b"}}
{"event":"proto.client.log_chunk","at":"2026-09-26T23:29:11.033858966Z","content":{"direction":"client","job_id":"build:01a0de7e-fe93-760a-9c19-09670caf8bbf","len":646,"message":"LogChunk","worker_id":"adbaf9ad-0b23-46d2-b57e-ed4d04ee8e3b"}}
{"event":"graph.requeued","at":"2026-09-26T23:29:11.586816823Z","content":{"requeued":0}}
{"event":"proto.client.log_chunk","at":"2026-09-26T23:29:13.215260632Z","content":{"direction":"client","job_id":"build:01a0de7e-fe93-760a-9c19-09670caf8bbf","len":255,"message":"LogChunk","worker_id":"adbaf9ad-0b23-46d2-b57e-ed4d04ee8e3b"}}
{"event":"proto.client.request_job","at":"2026-09-26T23:29:14.841000585Z","content":{"direction":"client","job_id":null,"len":null,"message":"RequestJob","worker_id":"adbaf9ad-0b23-46d2-b57e-ed4d04ee8e3b"}}
{"event":"proto.client.request_job","at":"2026-09-26T23:29:14.841197609Z","content":{"direction":"client","job_id":null,"len":null,"message":"RequestJob","worker_id":"adbaf9ad-0b23-46d2-b57e-ed4d04ee8e3b"}}
{"event":"proto.client.worker_metrics","at":"2026-09-26T23:29:15.058689429Z","content":{"direction":"client","job_id":null,"len":null,"message":"WorkerMetrics","worker_id":"adbaf9ad-0b23-46d2-b57e-ed4d04ee8e3b"}}
{"event":"proto.client.log_chunk","at":"2026-09-26T23:29:16.001324206Z","content":{"direction":"client","job_id":"build:01a0de7e-fe93-760a-9c19-09670caf8bbf","len":255,"message":"LogChunk","worker_id":"adbaf9ad-0b23-46d2-b57e-ed4d04ee8e3b"}}
{"event":"proto.client.log_chunk","at":"2026-09-26T23:29:16.019033672Z","content":{"direction":"client","job_id":"build:01a0de7e-fe93-760a-9c19-09670caf8bbf","len":273,"message":"LogChunk","worker_id":"adbaf9ad-0b23-46d2-b57e-ed4d04ee8e3b"}}
{"event":"proto.client.log_chunk","at":"2026-09-26T23:29:16.067825665Z","content":{"direction":"client","job_id":"build:01a0de7e-fe93-760a-9c19-09670caf8bbf","len":264,"message":"LogChunk","worker_id":"adbaf9ad-0b23-46d2-b57e-ed4d04ee8e3b"}}
{"event":"proto.client.log_chunk","at":"2026-09-26T23:29:16.559920355Z","content":{"direction":"client","job_id":"build:01a0de7e-fe93-760a-9c19-09670caf8bbf","len":282,"message":"LogChunk","worker_id":"adbaf9ad-0b23-46d2-b57e-ed4d04ee8e3b"}}
{"event":"graph.requeued","at":"2026-09-26T23:29:16.594406340Z","content":{"requeued":0}}
{"event":"proto.client.log_chunk","at":"2026-09-26T23:29:16.990857699Z","content":{"direction":"client","job_id":"build:01a0de7e-fe93-760a-9c19-09670caf8bbf","len":264,"message":"LogChunk","worker_id":"adbaf9ad-0b23-46d2-b57e-ed4d04ee8e3b"}}
{"event":"worker.queue_depth","at":"2026-09-26T23:29:18.106019123Z","content":{"active":1,"pending":0,"workers":1}}
{"event":"proto.client.log_chunk","at":"2026-09-26T23:29:20.654530316Z","content":{"direction":"client","job_id":"build:01a0de7e-fe93-760a-9c19-09670caf8bbf","len":300,"message":"LogChunk","worker_id":"adbaf9ad-0b23-46d2-b57e-ed4d04ee8e3b"}}
{"event":"graph.requeued","at":"2026-09-26T23:29:21.600385335Z","content":{"requeued":0}}
{"event":"proto.client.log_chunk","at":"2026-09-26T23:29:21.643659985Z","content":{"direction":"client","job_id":"build:01a0de7e-fe93-760a-9c19-09670caf8bbf","len":264,"message":"LogChunk","worker_id":"adbaf9ad-0b23-46d2-b57e-ed4d04ee8e3b"}}
{"event":"proto.client.log_chunk","at":"2026-09-26T23:29:23.729508665Z","content":{"direction":"client","job_id":"build:01a0de7e-fe93-760a-9c19-09670caf8bbf","len":264,"message":"LogChunk","worker_id":"adbaf9ad-0b23-46d2-b57e-ed4d04ee8e3b"}}
{"event":"proto.client.log_chunk","at":"2026-09-26T23:29:24.146830008Z","content":{"direction":"client","job_id":"build:01a0de7e-fe93-760a-9c19-09670caf8bbf","len":309,"message":"LogChunk","worker_id":"adbaf9ad-0b23-46d2-b57e-ed4d04ee8e3b"}}
{"event":"proto.client.log_chunk","at":"2026-09-26T23:29:24.600885566Z","content":{"direction":"client","job_id":"build:01a0de7e-fe93-760a-9c19-09670caf8bbf","len":255,"message":"LogChunk","worker_id":"adbaf9ad-0b23-46d2-b57e-ed4d04ee8e3b"}}
{"event":"proto.client.request_job","at":"2026-09-26T23:29:24.840928105Z","content":{"direction":"client","job_id":null,"len":null,"message":"RequestJob","worker_id":"adbaf9ad-0b23-46d2-b57e-ed4d04ee8e3b"}}
{"event":"proto.client.request_job","at":"2026-09-26T23:29:24.841161423Z","content":{"direction":"client","job_id":null,"len":null,"message":"RequestJob","worker_id":"adbaf9ad-0b23-46d2-b57e-ed4d04ee8e3b"}}
{"event":"proto.client.worker_metrics","at":"2026-09-26T23:29:25.056068320Z","content":{"direction":"client","job_id":null,"len":null,"message":"WorkerMetrics","worker_id":"adbaf9ad-0b23-46d2-b57e-ed4d04ee8e3b"}}
{"event":"proto.client.log_chunk","at":"2026-09-26T23:29:25.418984362Z","content":{"direction":"client","job_id":"build:01a0de7e-fe93-760a-9c19-09670caf8bbf","len":255,"message":"LogChunk","worker_id":"adbaf9ad-0b23-46d2-b57e-ed4d04ee8e3b"}}
{"event":"proto.client.log_chunk","at":"2026-09-26T23:29:25.553313330Z","content":{"direction":"client","job_id":"build:01a0de7e-fe93-760a-9c19-09670caf8bbf","len":255,"message":"LogChunk","worker_id":"adbaf9ad-0b23-46d2-b57e-ed4d04ee8e3b"}}
{"event":"graph.requeued","at":"2026-09-26T23:29:26.608482047Z","content":{"requeued":0}}
{"event":"graph.requeued","at":"2026-09-26T23:29:31.615497243Z","content":{"requeued":0}}
{"event":"worker.queue_depth","at":"2026-09-26T23:29:33.110560471Z","content":{"active":1,"pending":0,"workers":1}}
{"event":"proto.client.request_job","at":"2026-09-26T23:29:34.842771255Z","content":{"direction":"client","job_id":null,"len":null,"message":"RequestJob","worker_id":"adbaf9ad-0b23-46d2-b57e-ed4d04ee8e3b"}}
{"event":"proto.client.request_job","at":"2026-09-26T23:29:34.842914554Z","content":{"direction":"client","job_id":null,"len":null,"message":"RequestJob","worker_id":"adbaf9ad-0b23-46d2-b57e-ed4d04ee8e3b"}}
{"event":"proto.client.worker_metrics","at":"2026-09-26T23:29:35.057627141Z","content":{"direction":"client","job_id":null,"len":null,"message":"WorkerMetrics","worker_id":"adbaf9ad-0b23-46d2-b57e-ed4d04ee8e3b"}}
{"event":"graph.requeued","at":"2026-09-26T23:29:36.621600275Z","content":{"requeued":0}}
{"event":"proto.client.log_chunk","at":"2026-09-26T23:29:38.949932416Z","content":{"direction":"client","job_id":"build:01a0de7e-fe93-760a-9c19-09670caf8bbf","len":422,"message":"LogChunk","worker_id":"adbaf9ad-0b23-46d2-b57e-ed4d04ee8e3b"}}
{"event":"graph.requeued","at":"2026-09-26T23:29:41.628736440Z","content":{"requeued":0}}
{"event":"proto.client.log_chunk","at":"2026-09-26T23:29:42.862317099Z","content":{"direction":"client","job_id":"build:01a0de7e-fe93-760a-9c19-09670caf8bbf","len":304,"message":"LogChunk","worker_id":"adbaf9ad-0b23-46d2-b57e-ed4d04ee8e3b"}}
{"event":"proto.client.log_chunk","at":"2026-09-26T23:29:43.071684938Z","content":{"direction":"client","job_id":"build:01a0de7e-fe93-760a-9c19-09670caf8bbf","len":422,"message":"LogChunk","worker_id":"adbaf9ad-0b23-46d2-b57e-ed4d04ee8e3b"}}
{"event":"proto.client.log_chunk","at":"2026-09-26T23:29:43.073779971Z","content":{"direction":"client","job_id":"build:01a0de7e-fe93-760a-9c19-09670caf8bbf","len":241,"message":"LogChunk","worker_id":"adbaf9ad-0b23-46d2-b57e-ed4d04ee8e3b"}}
{"event":"proto.client.log_chunk","at":"2026-09-26T23:29:44.321547674Z","content":{"direction":"client","job_id":"build:01a0de7e-fe93-760a-9c19-09670caf8bbf","len":264,"message":"LogChunk","worker_id":"adbaf9ad-0b23-46d2-b57e-ed4d04ee8e3b"}}
{"event":"proto.client.request_job","at":"2026-09-26T23:29:44.842541259Z","content":{"direction":"client","job_id":null,"len":null,"message":"RequestJob","worker_id":"adbaf9ad-0b23-46d2-b57e-ed4d04ee8e3b"}}
{"event":"proto.client.request_job","at":"2026-09-26T23:29:44.842725566Z","content":{"direction":"client","job_id":null,"len":null,"message":"RequestJob","worker_id":"adbaf9ad-0b23-46d2-b57e-ed4d04ee8e3b"}}
{"event":"proto.client.worker_metrics","at":"2026-09-26T23:29:45.050981905Z","content":{"direction":"client","job_id":null,"len":null,"message":"WorkerMetrics","worker_id":"adbaf9ad-0b23-46d2-b57e-ed4d04ee8e3b"}}
{"event":"graph.requeued","at":"2026-09-26T23:29:46.636109926Z","content":{"requeued":0}}
{"event":"proto.client.log_chunk","at":"2026-09-26T23:29:46.643596643Z","content":{"direction":"client","job_id":"build:01a0de7e-fe93-760a-9c19-09670caf8bbf","len":291,"message":"LogChunk","worker_id":"adbaf9ad-0b23-46d2-b57e-ed4d04ee8e3b"}}
{"event":"proto.client.log_chunk","at":"2026-09-26T23:29:46.762287820Z","content":{"direction":"client","job_id":"build:01a0de7e-fe93-760a-9c19-09670caf8bbf","len":273,"message":"LogChunk","worker_id":"adbaf9ad-0b23-46d2-b57e-ed4d04ee8e3b"}}
{"event":"proto.client.log_chunk","at":"2026-09-26T23:29:46.936415437Z","content":{"direction":"client","job_id":"build:01a0de7e-fe93-760a-9c19-09670caf8bbf","len":255,"message":"LogChunk","worker_id":"adbaf9ad-0b23-46d2-b57e-ed4d04ee8e3b"}}
{"event":"proto.client.log_chunk","at":"2026-09-26T23:29:47.218644918Z","content":{"direction":"client","job_id":"build:01a0de7e-fe93-760a-9c19-09670caf8bbf","len":273,"message":"LogChunk","worker_id":"adbaf9ad-0b23-46d2-b57e-ed4d04ee8e3b"}}
{"event":"worker.queue_depth","at":"2026-09-26T23:29:48.116085022Z","content":{"active":1,"pending":0,"workers":1}}
{"event":"proto.client.log_chunk","at":"2026-09-26T23:29:49.133757186Z","content":{"direction":"client","job_id":"build:01a0de7e-fe93-760a-9c19-09670caf8bbf","len":255,"message":"LogChunk","worker_id":"adbaf9ad-0b23-46d2-b57e-ed4d04ee8e3b"}}
{"event":"graph.requeued","at":"2026-09-26T23:29:51.641560610Z","content":{"requeued":0}}
{"event":"proto.client.log_chunk","at":"2026-09-26T23:29:52.648710243Z","content":{"direction":"client","job_id":"build:01a0de7e-fe93-760a-9c19-09670caf8bbf","len":248,"message":"LogChunk","worker_id":"adbaf9ad-0b23-46d2-b57e-ed4d04ee8e3b"}}
{"event":"proto.client.request_job","at":"2026-09-26T23:29:54.843302631Z","content":{"direction":"client","job_id":null,"len":null,"message":"RequestJob","worker_id":"adbaf9ad-0b23-46d2-b57e-ed4d04ee8e3b"}}
{"event":"proto.client.request_job","at":"2026-09-26T23:29:54.843461972Z","content":{"direction":"client","job_id":null,"len":null,"message":"RequestJob","worker_id":"adbaf9ad-0b23-46d2-b57e-ed4d04ee8e3b"}}
{"event":"proto.client.worker_metrics","at":"2026-09-26T23:29:55.050277555Z","content":{"direction":"client","job_id":null,"len":null,"message":"WorkerMetrics","worker_id":"adbaf9ad-0b23-46d2-b57e-ed4d04ee8e3b"}}
{"event":"proto.client.log_chunk","at":"2026-09-26T23:29:55.398175957Z","content":{"direction":"client","job_id":"build:01a0de7e-fe93-760a-9c19-09670caf8bbf","len":268,"message":"LogChunk","worker_id":"adbaf9ad-0b23-46d2-b57e-ed4d04ee8e3b"}}
{"event":"graph.requeued","at":"2026-09-26T23:29:56.647717954Z","content":{"requeued":0}}
{"event":"proto.client.log_chunk","at":"2026-09-26T23:29:56.683464116Z","content":{"direction":"client","job_id":"build:01a0de7e-fe93-760a-9c19-09670caf8bbf","len":242,"message":"LogChunk","worker_id":"adbaf9ad-0b23-46d2-b57e-ed4d04ee8e3b"}}
{"event":"proto.client.log_chunk","at":"2026-09-26T23:30:00.009660188Z","content":{"direction":"client","job_id":"build:01a0de7e-fe93-760a-9c19-09670caf8bbf","len":277,"message":"LogChunk","worker_id":"adbaf9ad-0b23-46d2-b57e-ed4d04ee8e3b"}}
{"event":"proto.client.log_chunk","at":"2026-09-26T23:30:01.395508868Z","content":{"direction":"client","job_id":"build:01a0de7e-fe93-760a-9c19-09670caf8bbf","len":245,"message":"LogChunk","worker_id":"adbaf9ad-0b23-46d2-b57e-ed4d04ee8e3b"}}
{"event":"graph.requeued","at":"2026-09-26T23:30:01.655229734Z","content":{"requeued":0}}
{"event":"worker.queue_depth","at":"2026-09-26T23:30:03.144828322Z","content":{"active":1,"pending":0,"workers":1}}
{"event":"proto.client.request_job","at":"2026-09-26T23:30:04.841627559Z","content":{"direction":"client","job_id":null,"len":null,"message":"RequestJob","worker_id":"adbaf9ad-0b23-46d2-b57e-ed4d04ee8e3b"}}
{"event":"proto.client.request_job","at":"2026-09-26T23:30:04.841790678Z","content":{"direction":"client","job_id":null,"len":null,"message":"RequestJob","worker_id":"adbaf9ad-0b23-46d2-b57e-ed4d04ee8e3b"}}
{"event":"proto.client.worker_metrics","at":"2026-09-26T23:30:05.049928945Z","content":{"direction":"client","job_id":null,"len":null,"message":"WorkerMetrics","worker_id":"adbaf9ad-0b23-46d2-b57e-ed4d04ee8e3b"}}
{"event":"proto.client.log_chunk","at":"2026-09-26T23:30:05.482716528Z","content":{"direction":"client","job_id":"build:01a0de7e-fe93-760a-9c19-09670caf8bbf","len":268,"message":"LogChunk","worker_id":"adbaf9ad-0b23-46d2-b57e-ed4d04ee8e3b"}}
{"event":"graph.requeued","at":"2026-09-26T23:30:06.663055692Z","content":{"requeued":0}}
{"event":"proto.client.log_chunk","at":"2026-09-26T23:30:07.742350958Z","content":{"direction":"client","job_id":"build:01a0de7e-fe93-760a-9c19-09670caf8bbf","len":273,"message":"LogChunk","worker_id":"adbaf9ad-0b23-46d2-b57e-ed4d04ee8e3b"}}
{"event":"proto.client.log_chunk","at":"2026-09-26T23:30:07.800423609Z","content":{"direction":"client","job_id":"build:01a0de7e-fe93-760a-9c19-09670caf8bbf","len":296,"message":"LogChunk","worker_id":"adbaf9ad-0b23-46d2-b57e-ed4d04ee8e3b"}}
{"event":"proto.client.log_chunk","at":"2026-09-26T23:30:08.204913592Z","content":{"direction":"client","job_id":"build:01a0de7e-fe93-760a-9c19-09670caf8bbf","len":313,"message":"LogChunk","worker_id":"adbaf9ad-0b23-46d2-b57e-ed4d04ee8e3b"}}
{"event":"proto.client.log_chunk","at":"2026-09-26T23:30:08.782774957Z","content":{"direction":"client","job_id":"build:01a0de7e-fe93-760a-9c19-09670caf8bbf","len":255,"message":"LogChunk","worker_id":"adbaf9ad-0b23-46d2-b57e-ed4d04ee8e3b"}}
{"event":"proto.client.log_chunk","at":"2026-09-26T23:30:08.895324349Z","content":{"direction":"client","job_id":"build:01a0de7e-fe93-760a-9c19-09670caf8bbf","len":251,"message":"LogChunk","worker_id":"adbaf9ad-0b23-46d2-b57e-ed4d04ee8e3b"}}
{"event":"proto.client.log_chunk","at":"2026-09-26T23:30:09.011351906Z","content":{"direction":"client","job_id":"build:01a0de7e-fe93-760a-9c19-09670caf8bbf","len":250,"message":"LogChunk","worker_id":"adbaf9ad-0b23-46d2-b57e-ed4d04ee8e3b"}}
{"event":"proto.client.log_chunk","at":"2026-09-26T23:30:09.013755422Z","content":{"direction":"client","job_id":"build:01a0de7e-fe93-760a-9c19-09670caf8bbf","len":251,"message":"LogChunk","worker_id":"adbaf9ad-0b23-46d2-b57e-ed4d04ee8e3b"}}
{"event":"proto.client.log_chunk","at":"2026-09-26T23:30:09.015539072Z","content":{"direction":"client","job_id":"build:01a0de7e-fe93-760a-9c19-09670caf8bbf","len":250,"message":"LogChunk","worker_id":"adbaf9ad-0b23-46d2-b57e-ed4d04ee8e3b"}}
{"event":"proto.client.log_chunk","at":"2026-09-26T23:30:09.021205298Z","content":{"direction":"client","job_id":"build:01a0de7e-fe93-760a-9c19-09670caf8bbf","len":251,"message":"LogChunk","worker_id":"adbaf9ad-0b23-46d2-b57e-ed4d04ee8e3b"}}
{"event":"proto.client.log_chunk","at":"2026-09-26T23:30:09.087272520Z","content":{"direction":"client","job_id":"build:01a0de7e-fe93-760a-9c19-09670caf8bbf","len":367,"message":"LogChunk","worker_id":"adbaf9ad-0b23-46d2-b57e-ed4d04ee8e3b"}}
{"event":"proto.client.log_chunk","at":"2026-09-26T23:30:09.225278515Z","content":{"direction":"client","job_id":"build:01a0de7e-fe93-760a-9c19-09670caf8bbf","len":264,"message":"LogChunk","worker_id":"adbaf9ad-0b23-46d2-b57e-ed4d04ee8e3b"}}
{"event":"proto.client.log_chunk","at":"2026-09-26T23:30:09.238020312Z","content":{"direction":"client","job_id":"build:01a0de7e-fe93-760a-9c19-09670caf8bbf","len":359,"message":"LogChunk","worker_id":"adbaf9ad-0b23-46d2-b57e-ed4d04ee8e3b"}}
{"event":"proto.client.log_chunk","at":"2026-09-26T23:30:09.278758229Z","content":{"direction":"client","job_id":"build:01a0de7e-fe93-760a-9c19-09670caf8bbf","len":619,"message":"LogChunk","worker_id":"adbaf9ad-0b23-46d2-b57e-ed4d04ee8e3b"}}
{"event":"proto.client.log_chunk","at":"2026-09-26T23:30:09.401199955Z","content":{"direction":"client","job_id":"build:01a0de7e-fe93-760a-9c19-09670caf8bbf","len":323,"message":"LogChunk","worker_id":"adbaf9ad-0b23-46d2-b57e-ed4d04ee8e3b"}}
{"event":"graph.requeued","at":"2026-09-26T23:30:11.669797098Z","content":{"requeued":0}}
{"event":"proto.client.request_job","at":"2026-09-26T23:30:14.843114093Z","content":{"direction":"client","job_id":null,"len":null,"message":"RequestJob","worker_id":"adbaf9ad-0b23-46d2-b57e-ed4d04ee8e3b"}}
{"event":"proto.client.request_job","at":"2026-09-26T23:30:14.843289377Z","content":{"direction":"client","job_id":null,"len":null,"message":"RequestJob","worker_id":"adbaf9ad-0b23-46d2-b57e-ed4d04ee8e3b"}}
{"event":"proto.client.worker_metrics","at":"2026-09-26T23:30:15.052800562Z","content":{"direction":"client","job_id":null,"len":null,"message":"WorkerMetrics","worker_id":"adbaf9ad-0b23-46d2-b57e-ed4d04ee8e3b"}}
{"event":"graph.requeued","at":"2026-09-26T23:30:16.677318343Z","content":{"requeued":0}}
{"event":"worker.queue_depth","at":"2026-09-26T23:30:18.149608670Z","content":{"active":1,"pending":0,"workers":1}}
{"event":"graph.requeued","at":"2026-09-26T23:30:21.684010590Z","content":{"requeued":0}}
{"event":"proto.client.log_chunk","at":"2026-09-26T23:30:24.002710011Z","content":{"direction":"client","job_id":"build:01a0de7e-fe93-760a-9c19-09670caf8bbf","len":885,"message":"LogChunk","worker_id":"adbaf9ad-0b23-46d2-b57e-ed4d04ee8e3b"}}
{"event":"proto.client.log_chunk","at":"2026-09-26T23:30:24.547183041Z","content":{"direction":"client","job_id":"build:01a0de7e-fe93-760a-9c19-09670caf8bbf","len":259,"message":"LogChunk","worker_id":"adbaf9ad-0b23-46d2-b57e-ed4d04ee8e3b"}}
{"event":"proto.client.log_chunk","at":"2026-09-26T23:30:24.614452720Z","content":{"direction":"client","job_id":"build:01a0de7e-fe93-760a-9c19-09670caf8bbf","len":350,"message":"LogChunk","worker_id":"adbaf9ad-0b23-46d2-b57e-ed4d04ee8e3b"}}
{"event":"proto.client.request_job","at":"2026-09-26T23:30:24.843566057Z","content":{"direction":"client","job_id":null,"len":null,"message":"RequestJob","worker_id":"adbaf9ad-0b23-46d2-b57e-ed4d04ee8e3b"}}
{"event":"proto.client.request_job","at":"2026-09-26T23:30:24.843751270Z","content":{"direction":"client","job_id":null,"len":null,"message":"RequestJob","worker_id":"adbaf9ad-0b23-46d2-b57e-ed4d04ee8e3b"}}
{"event":"proto.client.worker_metrics","at":"2026-09-26T23:30:25.058675979Z","content":{"direction":"client","job_id":null,"len":null,"message":"WorkerMetrics","worker_id":"adbaf9ad-0b23-46d2-b57e-ed4d04ee8e3b"}}
{"event":"proto.client.log_chunk","at":"2026-09-26T23:30:25.406818435Z","content":{"direction":"client","job_id":"build:01a0de7e-fe93-760a-9c19-09670caf8bbf","len":885,"message":"LogChunk","worker_id":"adbaf9ad-0b23-46d2-b57e-ed4d04ee8e3b"}}
{"event":"graph.requeued","at":"2026-09-26T23:30:26.690463215Z","content":{"requeued":0}}
{"event":"proto.client.log_chunk","at":"2026-09-26T23:30:28.495563435Z","content":{"direction":"client","job_id":"build:01a0de7e-fe93-760a-9c19-09670caf8bbf","len":885,"message":"LogChunk","worker_id":"adbaf9ad-0b23-46d2-b57e-ed4d04ee8e3b"}}
{"event":"graph.requeued","at":"2026-09-26T23:30:31.696683591Z","content":{"requeued":0}}
{"event":"worker.queue_depth","at":"2026-09-26T23:30:33.168196216Z","content":{"active":1,"pending":0,"workers":1}}
{"event":"proto.client.log_chunk","at":"2026-09-26T23:30:34.838321912Z","content":{"direction":"client","job_id":"build:01a0de7e-fe93-760a-9c19-09670caf8bbf","len":885,"message":"LogChunk","worker_id":"adbaf9ad-0b23-46d2-b57e-ed4d04ee8e3b"}}
{"event":"proto.client.request_job","at":"2026-09-26T23:30:34.841070034Z","content":{"direction":"client","job_id":null,"len":null,"message":"RequestJob","worker_id":"adbaf9ad-0b23-46d2-b57e-ed4d04ee8e3b"}}
{"event":"proto.client.request_job","at":"2026-09-26T23:30:34.841190019Z","content":{"direction":"client","job_id":null,"len":null,"message":"RequestJob","worker_id":"adbaf9ad-0b23-46d2-b57e-ed4d04ee8e3b"}}
{"event":"proto.client.worker_metrics","at":"2026-09-26T23:30:35.051485092Z","content":{"direction":"client","job_id":null,"len":null,"message":"WorkerMetrics","worker_id":"adbaf9ad-0b23-46d2-b57e-ed4d04ee8e3b"}}
{"event":"proto.client.log_chunk","at":"2026-09-26T23:30:36.194241879Z","content":{"direction":"client","job_id":"build:01a0de7e-fe93-760a-9c19-09670caf8bbf","len":885,"message":"LogChunk","worker_id":"adbaf9ad-0b23-46d2-b57e-ed4d04ee8e3b"}}
{"event":"graph.requeued","at":"2026-09-26T23:30:36.703141679Z","content":{"requeued":0}}
{"event":"proto.client.log_chunk","at":"2026-09-26T23:30:37.821535566Z","content":{"direction":"client","job_id":"build:01a0de7e-fe93-760a-9c19-09670caf8bbf","len":885,"message":"LogChunk","worker_id":"adbaf9ad-0b23-46d2-b57e-ed4d04ee8e3b"}}
{"event":"proto.client.log_chunk","at":"2026-09-26T23:30:38.710182194Z","content":{"direction":"client","job_id":"build:01a0de7e-fe93-760a-9c19-09670caf8bbf","len":885,"message":"LogChunk","worker_id":"adbaf9ad-0b23-46d2-b57e-ed4d04ee8e3b"}}
{"event":"graph.requeued","at":"2026-09-26T23:30:41.709502748Z","content":{"requeued":0}}
{"event":"proto.client.request_job","at":"2026-09-26T23:30:44.841472641Z","content":{"direction":"client","job_id":null,"len":null,"message":"RequestJob","worker_id":"adbaf9ad-0b23-46d2-b57e-ed4d04ee8e3b"}}
{"event":"proto.client.request_job","at":"2026-09-26T23:30:44.841629832Z","content":{"direction":"client","job_id":null,"len":null,"message":"RequestJob","worker_id":"adbaf9ad-0b23-46d2-b57e-ed4d04ee8e3b"}}
{"event":"proto.client.worker_metrics","at":"2026-09-26T23:30:45.050157288Z","content":{"direction":"client","job_id":null,"len":null,"message":"WorkerMetrics","worker_id":"adbaf9ad-0b23-46d2-b57e-ed4d04ee8e3b"}}
{"event":"proto.client.log_chunk","at":"2026-09-26T23:30:46.466388371Z","content":{"direction":"client","job_id":"build:01a0de7e-fe93-760a-9c19-09670caf8bbf","len":885,"message":"LogChunk","worker_id":"adbaf9ad-0b23-46d2-b57e-ed4d04ee8e3b"}}
{"event":"graph.requeued","at":"2026-09-26T23:30:46.717106179Z","content":{"requeued":0}}
{"event":"worker.queue_depth","at":"2026-09-26T23:30:48.171583830Z","content":{"active":1,"pending":0,"workers":1}}
{"event":"graph.requeued","at":"2026-09-26T23:30:51.723771710Z","content":{"requeued":0}}
{"event":"proto.client.request_job","at":"2026-09-26T23:30:54.840816449Z","content":{"direction":"client","job_id":null,"len":null,"message":"RequestJob","worker_id":"adbaf9ad-0b23-46d2-b57e-ed4d04ee8e3b"}}
{"event":"proto.client.request_job","at":"2026-09-26T23:30:54.840943994Z","content":{"direction":"client","job_id":null,"len":null,"message":"RequestJob","worker_id":"adbaf9ad-0b23-46d2-b57e-ed4d04ee8e3b"}}
{"event":"proto.client.worker_metrics","at":"2026-09-26T23:30:55.051830298Z","content":{"direction":"client","job_id":null,"len":null,"message":"WorkerMetrics","worker_id":"adbaf9ad-0b23-46d2-b57e-ed4d04ee8e3b"}}
{"event":"proto.client.log_chunk","at":"2026-09-26T23:30:56.287496606Z","content":{"direction":"client","job_id":"build:01a0de7e-fe93-760a-9c19-09670caf8bbf","len":885,"message":"LogChunk","worker_id":"adbaf9ad-0b23-46d2-b57e-ed4d04ee8e3b"}}
{"event":"graph.requeued","at":"2026-09-26T23:30:56.729634655Z","content":{"requeued":0}}
{"event":"proto.client.log_chunk","at":"2026-09-26T23:30:57.432189729Z","content":{"direction":"client","job_id":"build:01a0de7e-fe93-760a-9c19-09670caf8bbf","len":885,"message":"LogChunk","worker_id":"adbaf9ad-0b23-46d2-b57e-ed4d04ee8e3b"}}
{"event":"proto.client.log_chunk","at":"2026-09-26T23:30:58.834352600Z","content":{"direction":"client","job_id":"build:01a0de7e-fe93-760a-9c19-09670caf8bbf","len":457,"message":"LogChunk","worker_id":"adbaf9ad-0b23-46d2-b57e-ed4d04ee8e3b"}}
{"event":"proto.client.log_chunk","at":"2026-09-26T23:30:58.843039481Z","content":{"direction":"client","job_id":"build:01a0de7e-fe93-760a-9c19-09670caf8bbf","len":341,"message":"LogChunk","worker_id":"adbaf9ad-0b23-46d2-b57e-ed4d04ee8e3b"}}
{"event":"proto.client.log_chunk","at":"2026-09-26T23:30:58.913444935Z","content":{"direction":"client","job_id":"build:01a0de7e-fe93-760a-9c19-09670caf8bbf","len":885,"message":"LogChunk","worker_id":"adbaf9ad-0b23-46d2-b57e-ed4d04ee8e3b"}}
{"event":"proto.client.log_chunk","at":"2026-09-26T23:30:58.980504342Z","content":{"direction":"client","job_id":"build:01a0de7e-fe93-760a-9c19-09670caf8bbf","len":885,"message":"LogChunk","worker_id":"adbaf9ad-0b23-46d2-b57e-ed4d04ee8e3b"}}
{"event":"proto.client.log_chunk","at":"2026-09-26T23:30:59.047746192Z","content":{"direction":"client","job_id":"build:01a0de7e-fe93-760a-9c19-09670caf8bbf","len":885,"message":"LogChunk","worker_id":"adbaf9ad-0b23-46d2-b57e-ed4d04ee8e3b"}}
{"event":"proto.client.log_chunk","at":"2026-09-26T23:30:59.115240154Z","content":{"direction":"client","job_id":"build:01a0de7e-fe93-760a-9c19-09670caf8bbf","len":885,"message":"LogChunk","worker_id":"adbaf9ad-0b23-46d2-b57e-ed4d04ee8e3b"}}
{"event":"proto.client.log_chunk","at":"2026-09-26T23:30:59.184305136Z","content":{"direction":"client","job_id":"build:01a0de7e-fe93-760a-9c19-09670caf8bbf","len":885,"message":"LogChunk","worker_id":"adbaf9ad-0b23-46d2-b57e-ed4d04ee8e3b"}}
{"event":"proto.client.log_chunk","at":"2026-09-26T23:30:59.249587063Z","content":{"direction":"client","job_id":"build:01a0de7e-fe93-760a-9c19-09670caf8bbf","len":885,"message":"LogChunk","worker_id":"adbaf9ad-0b23-46d2-b57e-ed4d04ee8e3b"}}
{"event":"proto.client.log_chunk","at":"2026-09-26T23:30:59.316681488Z","content":{"direction":"client","job_id":"build:01a0de7e-fe93-760a-9c19-09670caf8bbf","len":885,"message":"LogChunk","worker_id":"adbaf9ad-0b23-46d2-b57e-ed4d04ee8e3b"}}
{"event":"proto.client.log_chunk","at":"2026-09-26T23:30:59.383594975Z","content":{"direction":"client","job_id":"build:01a0de7e-fe93-760a-9c19-09670caf8bbf","len":885,"message":"LogChunk","worker_id":"adbaf9ad-0b23-46d2-b57e-ed4d04ee8e3b"}}
{"event":"proto.client.log_chunk","at":"2026-09-26T23:30:59.450237804Z","content":{"direction":"client","job_id":"build:01a0de7e-fe93-760a-9c19-09670caf8bbf","len":885,"message":"LogChunk","worker_id":"adbaf9ad-0b23-46d2-b57e-ed4d04ee8e3b"}}
{"event":"proto.client.log_chunk","at":"2026-09-26T23:30:59.517758490Z","content":{"direction":"client","job_id":"build:01a0de7e-fe93-760a-9c19-09670caf8bbf","len":885,"message":"LogChunk","worker_id":"adbaf9ad-0b23-46d2-b57e-ed4d04ee8e3b"}}
{"event":"proto.client.log_chunk","at":"2026-09-26T23:30:59.572199161Z","content":{"direction":"client","job_id":"build:01a0de7e-fe93-760a-9c19-09670caf8bbf","len":763,"message":"LogChunk","worker_id":"adbaf9ad-0b23-46d2-b57e-ed4d04ee8e3b"}}
{"event":"proto.client.log_chunk","at":"2026-09-26T23:30:59.600766263Z","content":{"direction":"client","job_id":"build:01a0de7e-fe93-760a-9c19-09670caf8bbf","len":255,"message":"LogChunk","worker_id":"adbaf9ad-0b23-46d2-b57e-ed4d04ee8e3b"}}
{"event":"proto.client.log_chunk","at":"2026-09-26T23:30:59.603226632Z","content":{"direction":"client","job_id":"build:01a0de7e-fe93-760a-9c19-09670caf8bbf","len":255,"message":"LogChunk","worker_id":"adbaf9ad-0b23-46d2-b57e-ed4d04ee8e3b"}}
{"event":"proto.client.log_chunk","at":"2026-09-26T23:30:59.622510369Z","content":{"direction":"client","job_id":"build:01a0de7e-fe93-760a-9c19-09670caf8bbf","len":251,"message":"LogChunk","worker_id":"adbaf9ad-0b23-46d2-b57e-ed4d04ee8e3b"}}
{"event":"proto.client.log_chunk","at":"2026-09-26T23:31:00.529581574Z","content":{"direction":"client","job_id":"build:01a0de7e-fe93-760a-9c19-09670caf8bbf","len":511,"message":"LogChunk","worker_id":"adbaf9ad-0b23-46d2-b57e-ed4d04ee8e3b"}}
{"event":"proto.client.log_chunk","at":"2026-09-26T23:31:00.531752521Z","content":{"direction":"client","job_id":"build:01a0de7e-fe93-760a-9c19-09670caf8bbf","len":242,"message":"LogChunk","worker_id":"adbaf9ad-0b23-46d2-b57e-ed4d04ee8e3b"}}
{"event":"proto.client.log_chunk","at":"2026-09-26T23:31:00.558228631Z","content":{"direction":"client","job_id":"build:01a0de7e-fe93-760a-9c19-09670caf8bbf","len":520,"message":"LogChunk","worker_id":"adbaf9ad-0b23-46d2-b57e-ed4d04ee8e3b"}}
{"event":"proto.client.log_chunk","at":"2026-09-26T23:31:00.776654970Z","content":{"direction":"client","job_id":"build:01a0de7e-fe93-760a-9c19-09670caf8bbf","len":323,"message":"LogChunk","worker_id":"adbaf9ad-0b23-46d2-b57e-ed4d04ee8e3b"}}
{"event":"graph.requeued","at":"2026-09-26T23:31:01.739195984Z","content":{"requeued":0}}
{"event":"worker.queue_depth","at":"2026-09-26T23:31:03.175234100Z","content":{"active":1,"pending":0,"workers":1}}
{"event":"proto.client.request_job","at":"2026-09-26T23:31:04.843820890Z","content":{"direction":"client","job_id":null,"len":null,"message":"RequestJob","worker_id":"adbaf9ad-0b23-46d2-b57e-ed4d04ee8e3b"}}
{"event":"proto.client.request_job","at":"2026-09-26T23:31:04.844027481Z","content":{"direction":"client","job_id":null,"len":null,"message":"RequestJob","worker_id":"adbaf9ad-0b23-46d2-b57e-ed4d04ee8e3b"}}
{"event":"proto.client.worker_metrics","at":"2026-09-26T23:31:05.049517255Z","content":{"direction":"client","job_id":null,"len":null,"message":"WorkerMetrics","worker_id":"adbaf9ad-0b23-46d2-b57e-ed4d04ee8e3b"}}
{"event":"graph.requeued","at":"2026-09-26T23:31:06.746256232Z","content":{"requeued":0}}
{"event":"graph.requeued","at":"2026-09-26T23:31:11.751363727Z","content":{"requeued":0}}
{"event":"proto.client.request_job","at":"2026-09-26T23:31:14.840158983Z","content":{"direction":"client","job_id":null,"len":null,"message":"RequestJob","worker_id":"adbaf9ad-0b23-46d2-b57e-ed4d04ee8e3b"}}
{"event":"proto.client.request_job","at":"2026-09-26T23:31:14.840295490Z","content":{"direction":"client","job_id":null,"len":null,"message":"RequestJob","worker_id":"adbaf9ad-0b23-46d2-b57e-ed4d04ee8e3b"}}
{"event":"proto.client.worker_metrics","at":"2026-09-26T23:31:15.050876665Z","content":{"direction":"client","job_id":null,"len":null,"message":"WorkerMetrics","worker_id":"adbaf9ad-0b23-46d2-b57e-ed4d04ee8e3b"}}
{"event":"graph.requeued","at":"2026-09-26T23:31:16.757323311Z","content":{"requeued":0}}
{"event":"worker.queue_depth","at":"2026-09-26T23:31:18.194749379Z","content":{"active":1,"pending":0,"workers":1}}
{"event":"proto.client.log_chunk","at":"2026-09-26T23:31:18.844697130Z","content":{"direction":"client","job_id":"build:01a0de7e-fe93-760a-9c19-09670caf8bbf","len":394,"message":"LogChunk","worker_id":"adbaf9ad-0b23-46d2-b57e-ed4d04ee8e3b"}}
{"event":"proto.client.log_chunk","at":"2026-09-26T23:31:18.858219599Z","content":{"direction":"client","job_id":"build:01a0de7e-fe93-760a-9c19-09670caf8bbf","len":243,"message":"LogChunk","worker_id":"adbaf9ad-0b23-46d2-b57e-ed4d04ee8e3b"}}
{"event":"graph.requeued","at":"2026-09-26T23:31:21.763448208Z","content":{"requeued":0}}
{"event":"proto.client.request_job","at":"2026-09-26T23:31:24.843159242Z","content":{"direction":"client","job_id":null,"len":null,"message":"RequestJob","worker_id":"adbaf9ad-0b23-46d2-b57e-ed4d04ee8e3b"}}
{"event":"proto.client.request_job","at":"2026-09-26T23:31:24.843301020Z","content":{"direction":"client","job_id":null,"len":null,"message":"RequestJob","worker_id":"adbaf9ad-0b23-46d2-b57e-ed4d04ee8e3b"}}
{"event":"proto.client.worker_metrics","at":"2026-09-26T23:31:25.049931719Z","content":{"direction":"client","job_id":null,"len":null,"message":"WorkerMetrics","worker_id":"adbaf9ad-0b23-46d2-b57e-ed4d04ee8e3b"}}
{"event":"graph.requeued","at":"2026-09-26T23:31:26.769661157Z","content":{"requeued":0}}
{"event":"proto.client.log_chunk","at":"2026-09-26T23:31:26.795840547Z","content":{"direction":"client","job_id":"build:01a0de7e-fe93-760a-9c19-09670caf8bbf","len":885,"message":"LogChunk","worker_id":"adbaf9ad-0b23-46d2-b57e-ed4d04ee8e3b"}}
{"event":"graph.requeued","at":"2026-09-26T23:31:31.775742224Z","content":{"requeued":0}}
{"event":"worker.queue_depth","at":"2026-09-26T23:31:33.197253034Z","content":{"active":1,"pending":0,"workers":1}}
{"event":"proto.client.log_chunk","at":"2026-09-26T23:31:34.813866409Z","content":{"direction":"client","job_id":"build:01a0de7e-fe93-760a-9c19-09670caf8bbf","len":885,"message":"LogChunk","worker_id":"adbaf9ad-0b23-46d2-b57e-ed4d04ee8e3b"}}
{"event":"proto.client.request_job","at":"2026-09-26T23:31:34.841307752Z","content":{"direction":"client","job_id":null,"len":null,"message":"RequestJob","worker_id":"adbaf9ad-0b23-46d2-b57e-ed4d04ee8e3b"}}
{"event":"proto.client.request_job","at":"2026-09-26T23:31:34.841442688Z","content":{"direction":"client","job_id":null,"len":null,"message":"RequestJob","worker_id":"adbaf9ad-0b23-46d2-b57e-ed4d04ee8e3b"}}
{"event":"proto.client.log_chunk","at":"2026-09-26T23:31:34.978527025Z","content":{"direction":"client","job_id":"build:01a0de7e-fe93-760a-9c19-09670caf8bbf","len":313,"message":"LogChunk","worker_id":"adbaf9ad-0b23-46d2-b57e-ed4d04ee8e3b"}}
{"event":"proto.client.log_chunk","at":"2026-09-26T23:31:34.980661047Z","content":{"direction":"client","job_id":"build:01a0de7e-fe93-760a-9c19-09670caf8bbf","len":244,"message":"LogChunk","worker_id":"adbaf9ad-0b23-46d2-b57e-ed4d04ee8e3b"}}
{"event":"proto.client.log_chunk","at":"2026-09-26T23:31:35.046782580Z","content":{"direction":"client","job_id":"build:01a0de7e-fe93-760a-9c19-09670caf8bbf","len":885,"message":"LogChunk","worker_id":"adbaf9ad-0b23-46d2-b57e-ed4d04ee8e3b"}}
{"event":"proto.client.worker_metrics","at":"2026-09-26T23:31:35.050370049Z","content":{"direction":"client","job_id":null,"len":null,"message":"WorkerMetrics","worker_id":"adbaf9ad-0b23-46d2-b57e-ed4d04ee8e3b"}}
{"event":"proto.client.log_chunk","at":"2026-09-26T23:31:35.113799546Z","content":{"direction":"client","job_id":"build:01a0de7e-fe93-760a-9c19-09670caf8bbf","len":885,"message":"LogChunk","worker_id":"adbaf9ad-0b23-46d2-b57e-ed4d04ee8e3b"}}
{"event":"proto.client.log_chunk","at":"2026-09-26T23:31:35.121731063Z","content":{"direction":"client","job_id":"build:01a0de7e-fe93-760a-9c19-09670caf8bbf","len":313,"message":"LogChunk","worker_id":"adbaf9ad-0b23-46d2-b57e-ed4d04ee8e3b"}}
{"event":"graph.requeued","at":"2026-09-26T23:31:36.781528491Z","content":{"requeued":0}}
{"event":"graph.requeued","at":"2026-09-26T23:31:41.788683912Z","content":{"requeued":0}}
{"event":"proto.client.request_job","at":"2026-09-26T23:31:44.841873233Z","content":{"direction":"client","job_id":null,"len":null,"message":"RequestJob","worker_id":"adbaf9ad-0b23-46d2-b57e-ed4d04ee8e3b"}}
{"event":"proto.client.request_job","at":"2026-09-26T23:31:44.842037666Z","content":{"direction":"client","job_id":null,"len":null,"message":"RequestJob","worker_id":"adbaf9ad-0b23-46d2-b57e-ed4d04ee8e3b"}}
{"event":"proto.client.worker_metrics","at":"2026-09-26T23:31:45.050523805Z","content":{"direction":"client","job_id":null,"len":null,"message":"WorkerMetrics","worker_id":"adbaf9ad-0b23-46d2-b57e-ed4d04ee8e3b"}}
{"event":"graph.requeued","at":"2026-09-26T23:31:46.793737836Z","content":{"requeued":0}}
{"event":"worker.queue_depth","at":"2026-09-26T23:31:48.200287598Z","content":{"active":1,"pending":0,"workers":1}}
{"event":"graph.requeued","at":"2026-09-26T23:31:51.799762481Z","content":{"requeued":0}}
{"event":"proto.client.request_job","at":"2026-09-26T23:31:54.840567479Z","content":{"direction":"client","job_id":null,"len":null,"message":"RequestJob","worker_id":"adbaf9ad-0b23-46d2-b57e-ed4d04ee8e3b"}}
{"event":"proto.client.request_job","at":"2026-09-26T23:31:54.840711209Z","content":{"direction":"client","job_id":null,"len":null,"message":"RequestJob","worker_id":"adbaf9ad-0b23-46d2-b57e-ed4d04ee8e3b"}}
{"event":"proto.client.worker_metrics","at":"2026-09-26T23:31:55.052307503Z","content":{"direction":"client","job_id":null,"len":null,"message":"WorkerMetrics","worker_id":"adbaf9ad-0b23-46d2-b57e-ed4d04ee8e3b"}}
{"event":"graph.requeued","at":"2026-09-26T23:31:56.808711963Z","content":{"requeued":0}}
{"event":"graph.requeued","at":"2026-09-26T23:32:01.820082138Z","content":{"requeued":0}}
{"event":"worker.queue_depth","at":"2026-09-26T23:32:03.203484946Z","content":{"active":1,"pending":0,"workers":1}}
{"event":"proto.client.request_job","at":"2026-09-26T23:32:04.840205725Z","content":{"direction":"client","job_id":null,"len":null,"message":"RequestJob","worker_id":"adbaf9ad-0b23-46d2-b57e-ed4d04ee8e3b"}}
{"event":"proto.client.request_job","at":"2026-09-26T23:32:04.840443910Z","content":{"direction":"client","job_id":null,"len":null,"message":"RequestJob","worker_id":"adbaf9ad-0b23-46d2-b57e-ed4d04ee8e3b"}}
{"event":"proto.client.worker_metrics","at":"2026-09-26T23:32:05.050047887Z","content":{"direction":"client","job_id":null,"len":null,"message":"WorkerMetrics","worker_id":"adbaf9ad-0b23-46d2-b57e-ed4d04ee8e3b"}}
{"event":"graph.requeued","at":"2026-09-26T23:32:06.827363571Z","content":{"requeued":0}}
{"event":"graph.requeued","at":"2026-09-26T23:32:11.834972034Z","content":{"requeued":0}}
{"event":"proto.client.request_job","at":"2026-09-26T23:32:14.842333848Z","content":{"direction":"client","job_id":null,"len":null,"message":"RequestJob","worker_id":"adbaf9ad-0b23-46d2-b57e-ed4d04ee8e3b"}}
{"event":"proto.client.request_job","at":"2026-09-26T23:32:14.842473488Z","content":{"direction":"client","job_id":null,"len":null,"message":"RequestJob","worker_id":"adbaf9ad-0b23-46d2-b57e-ed4d04ee8e3b"}}
{"event":"proto.client.worker_metrics","at":"2026-09-26T23:32:15.051809359Z","content":{"direction":"client","job_id":null,"len":null,"message":"WorkerMetrics","worker_id":"adbaf9ad-0b23-46d2-b57e-ed4d04ee8e3b"}}
{"event":"graph.requeued","at":"2026-09-26T23:32:16.840636996Z","content":{"requeued":0}}
{"event":"worker.queue_depth","at":"2026-09-26T23:32:18.206810704Z","content":{"active":1,"pending":0,"workers":1}}
{"event":"graph.requeued","at":"2026-09-26T23:32:21.847326850Z","content":{"requeued":0}}
{"event":"proto.client.request_job","at":"2026-09-26T23:32:24.842588117Z","content":{"direction":"client","job_id":null,"len":null,"message":"RequestJob","worker_id":"adbaf9ad-0b23-46d2-b57e-ed4d04ee8e3b"}}
{"event":"proto.client.request_job","at":"2026-09-26T23:32:24.842716861Z","content":{"direction":"client","job_id":null,"len":null,"message":"RequestJob","worker_id":"adbaf9ad-0b23-46d2-b57e-ed4d04ee8e3b"}}
{"event":"proto.client.worker_metrics","at":"2026-09-26T23:32:25.050664860Z","content":{"direction":"client","job_id":null,"len":null,"message":"WorkerMetrics","worker_id":"adbaf9ad-0b23-46d2-b57e-ed4d04ee8e3b"}}
{"event":"graph.requeued","at":"2026-09-26T23:32:26.854241260Z","content":{"requeued":0}}
{"event":"graph.requeued","at":"2026-09-26T23:32:31.860988070Z","content":{"requeued":0}}
{"event":"worker.queue_depth","at":"2026-09-26T23:32:33.210450260Z","content":{"active":1,"pending":0,"workers":1}}
{"event":"proto.client.request_job","at":"2026-09-26T23:32:34.840839036Z","content":{"direction":"client","job_id":null,"len":null,"message":"RequestJob","worker_id":"adbaf9ad-0b23-46d2-b57e-ed4d04ee8e3b"}}
{"event":"proto.client.request_job","at":"2026-09-26T23:32:34.840990779Z","content":{"direction":"client","job_id":null,"len":null,"message":"RequestJob","worker_id":"adbaf9ad-0b23-46d2-b57e-ed4d04ee8e3b"}}
{"event":"proto.client.worker_metrics","at":"2026-09-26T23:32:35.052944947Z","content":{"direction":"client","job_id":null,"len":null,"message":"WorkerMetrics","worker_id":"adbaf9ad-0b23-46d2-b57e-ed4d04ee8e3b"}}
{"event":"graph.requeued","at":"2026-09-26T23:32:36.867002888Z","content":{"requeued":0}}
{"event":"graph.requeued","at":"2026-09-26T23:32:41.872922184Z","content":{"requeued":0}}
{"event":"proto.client.request_job","at":"2026-09-26T23:32:44.840842239Z","content":{"direction":"client","job_id":null,"len":null,"message":"RequestJob","worker_id":"adbaf9ad-0b23-46d2-b57e-ed4d04ee8e3b"}}
{"event":"proto.client.request_job","at":"2026-09-26T23:32:44.841028877Z","content":{"direction":"client","job_id":null,"len":null,"message":"RequestJob","worker_id":"adbaf9ad-0b23-46d2-b57e-ed4d04ee8e3b"}}
{"event":"proto.client.worker_metrics","at":"2026-09-26T23:32:45.050008800Z","content":{"direction":"client","job_id":null,"len":null,"message":"WorkerMetrics","worker_id":"adbaf9ad-0b23-46d2-b57e-ed4d04ee8e3b"}}
{"event":"graph.requeued","at":"2026-09-26T23:32:46.878560856Z","content":{"requeued":0}}
{"event":"worker.queue_depth","at":"2026-09-26T23:32:48.226619711Z","content":{"active":1,"pending":0,"workers":1}}
{"event":"graph.requeued","at":"2026-09-26T23:32:51.884245072Z","content":{"requeued":0}}
{"event":"proto.client.request_job","at":"2026-09-26T23:32:54.848867627Z","content":{"direction":"client","job_id":null,"len":null,"message":"RequestJob","worker_id":"adbaf9ad-0b23-46d2-b57e-ed4d04ee8e3b"}}
{"event":"proto.client.request_job","at":"2026-09-26T23:32:54.849014764Z","content":{"direction":"client","job_id":null,"len":null,"message":"RequestJob","worker_id":"adbaf9ad-0b23-46d2-b57e-ed4d04ee8e3b"}}
{"event":"proto.client.worker_metrics","at":"2026-09-26T23:32:55.049967656Z","content":{"direction":"client","job_id":null,"len":null,"message":"WorkerMetrics","worker_id":"adbaf9ad-0b23-46d2-b57e-ed4d04ee8e3b"}}
{"event":"graph.requeued","at":"2026-09-26T23:32:56.889554305Z","content":{"requeued":0}}
